index,RAMA,Hombres,Mujeres,Total,Dist_%,Dist_H_%,Dist_M_%,Total_miles,Hombres_miles,Mujeres_miles,n_muestra,poblacion_estimada,Ciudad,Año
0,Comercio y reparación de vehículos,2229987.8121172194,1825563.084807813,4055550.896925032,17.60569620446865,16.53224122607678,19.122397610548816,4055.5508969250322,2229.9878121172196,1825.5630848078129,69068,4055550.896925032,Todas (Panorama Nacional),2024
1,"Agricultura, ganadería, caza, silvicultura y pesca",2711253.688006968,572178.6177390816,3283432.3057460496,14.253824733585033,20.100154696659565,5.993453265852384,3283.4323057460497,2711.253688006968,572.1786177390816,31833,3283432.30574605,Todas (Panorama Nacional),2024
2,"Administración pública y defensa, educación y atención de la salud humana",1051169.134461753,1719800.6199465948,2770969.754408348,12.029155330012934,7.792949183802336,18.01455755715465,2770.969754408348,1051.1691344617532,1719.800619946595,53295,2770969.754408348,Todas (Panorama Nacional),2024
3,Industrias manufactureras,1424431.362692891,1042788.672981084,2467220.035673975,10.710536625391356,10.560166638610438,10.922996742465413,2467.220035673975,1424.4313626928908,1042.788672981084,31778,2467220.035673975,Todas (Panorama Nacional),2024
4,"Actividades artísticas, entretenimiento, recreación y otras actividades de servicio",638861.2274398054,1345102.4978135654,1983963.7252533708,8.612655472769532,4.736262621989248,14.08967184108087,1983.9637252533707,638.8612274398054,1345.1024978135654,33634,1983963.725253371,Todas (Panorama Nacional),2024
5,"Actividades profesionales, científicas, técnicas y de servicios administrativos",765162.3308663238,1032067.7452174864,1797230.07608381,7.802019388551281,5.672608685237201,10.810697230519997,1797.23007608381,765.1623308663238,1032.0677452174864,27760,1797230.0760838103,Todas (Panorama Nacional),2024
6,Transporte y almacenamiento,1542004.7210135031,166211.25198002608,1708215.9729935292,7.415597100494442,11.431808676721339,1.7410286580393803,1708.2159729935292,1542.004721013503,166.21125198002608,28786,1708215.9729935292,Todas (Panorama Nacional),2024
7,Alojamiento y servicios de comida,560717.3537576266,1130621.0731182636,1691338.4268758902,7.342329384917415,4.156935074531807,11.843023057901556,1691.3384268758903,560.7173537576266,1130.6210731182637,29974,1691338.4268758902,Todas (Panorama Nacional),2024
8,Construcción,1438261.558720145,104443.207069969,1542704.765790114,6.697090513715424,10.66269820209437,1.0940210995354822,1542.704765790114,1438.2615587201449,104.44320706996899,24642,1542704.7657901137,Todas (Panorama Nacional),2024
9,"Suministro de electricidad, gas, agua y gestión de desechos^",472813.4467407047,129415.9182019126,602229.3649426172,2.614359310008629,3.505250528265782,1.3556051092322368,602.2293649426173,472.8134467407047,129.4159182019126,8377,602229.3649426172,Todas (Panorama Nacional),2024
10,Actividades financieras y de seguros,186345.62987780443,235305.60074803824,421651.2306258427,1.8304451501934043,1.3814922610003693,2.4647777416942773,421.6512306258427,186.34562987780444,235.30560074803824,5697,421651.2306258426,Todas (Panorama Nacional),2024
11,Información y comunicaciones,267184.4830902276,138814.4507136256,405998.93380385323,1.7624964079006968,1.9807993130323382,1.4540528030645028,405.9989338038532,267.18448309022756,138.8144507136256,4826,405998.9338038532,Todas (Panorama Nacional),2024
12,Actividades inmobiliarias,200527.75572711392,104414.202526368,304941.9582534819,1.3237943779912096,1.4866328919784182,1.0937172829104276,304.9419582534819,200.5277557271139,104.414202526368,3984,304941.9582534819,Todas (Panorama Nacional),2024
0,Comercio y reparación de vehículos,3999.318762050417,2748.401945058833,6747.72070710925,55.176870871665585,65.77576568666508,44.69655261634581,6.7477207071092495,3.9993187620504167,2.748401945058833,371,6747.72070710925,Arauca,2024
1,"Administración pública y defensa, educación y atención de la salud humana",2080.91264278325,3400.6224968255838,5481.535139608834,44.82312912833443,34.224234313334925,55.30344738365418,5.481535139608834,2.08091264278325,3.4006224968255836,318,5481.535139608834,Arauca,2024
0,Comercio y reparación de vehículos,16982.32317087025,13683.3878555305,30665.71102640075,24.86884260055615,26.06332524941327,23.53044944116163,30.66571102640075,16.982323170870252,13.6833878555305,2166,30665.71102640075,Armenia,2024
1,"Administración pública y defensa, educación y atención de la salud humana",8550.040189060666,13817.53250352375,22367.572692584414,18.13933628245201,13.12202553801852,23.76112943728056,22.367572692584414,8.550040189060667,13.817532503523749,1601,22367.572692584417,Armenia,2024
2,"Actividades profesionales, científicas, técnicas y de servicios administrativos",5212.471377939916,8034.262872116667,13246.734250056583,10.742648319891863,7.999749828665145,13.816009478451917,13.246734250056583,5.2124713779399166,8.034262872116667,936,13246.734250056585,Armenia,2024
3,"Actividades artísticas, entretenimiento, recreación y otras actividades de servicio",4654.654411373916,8312.589716890583,12967.2441282645,10.51599139218281,7.143649936855953,14.294630403197809,12.9672441282645,4.654654411373916,8.312589716890583,943,12967.2441282645,Armenia,2024
4,Industrias manufactureras,8171.513852214,4615.123323911416,12786.637176125416,10.369525332372678,12.541088823209904,7.936333252011964,12.786637176125415,8.171513852214,4.615123323911416,888,12786.637176125416,Armenia,2024
5,Alojamiento y servicios de comida,4129.332930663167,8136.366835777833,12265.699766441001,9.947062913841773,6.33742192703025,13.991591153110086,12.265699766441001,4.129332930663167,8.136366835777833,866,12265.699766441,Armenia,2024
6,Construcción,9290.00679909125,753.7520655039167,10043.758864595167,8.145144852715786,14.257676428469956,1.296179356733102,10.043758864595167,9.29000679909125,0.7537520655039167,688,10043.758864595167,Armenia,2024
7,Transporte y almacenamiento,8167.58707382025,798.8186442255,8966.40571804575,7.271448305986929,12.535062268336997,1.373677478052943,8.966405718045749,8.16758707382025,0.7988186442255,621,8966.40571804575,Armenia,2024
0,Comercio y reparación de vehículos,112009.96572248416,89532.19881024334,201542.1645327275,22.503600275201517,21.794701844150698,23.458163057781192,201.5421645327275,112.00996572248417,89.53219881024334,2662,201542.1645327275,Barranquilla A.M.,2024
1,"Administración pública y defensa, educación y atención de la salud humana",44727.61596734917,69173.51137601583,113901.12734336499,12.717862024418656,8.703020734987769,18.124021644738285,113.90112734336499,44.72761596734917,69.17351137601582,1541,113901.127343365,Barranquilla A.M.,2024
2,"Actividades artísticas, entretenimiento, recreación y otras actividades de servicio",32034.65136088833,71119.10538228834,103153.75674317667,11.517842502167186,6.233246038318607,18.63378307191057,103.15375674317667,32.034651360888326,71.11910538228834,1456,103153.75674317668,Barranquilla A.M.,2024
3,Industrias manufactureras,68550.63002018667,33747.93143560916,102298.56145579583,11.422353933067646,13.338460849280933,8.842232057287143,102.29856145579583,68.55063002018667,33.74793143560916,1358,102298.56145579585,Barranquilla A.M.,2024
4,Transporte y almacenamiento,82446.64323581666,6538.205730199167,88984.84896601584,9.935784287735117,16.042322625360733,1.7130629892090168,88.98484896601583,82.44664323581667,6.538205730199167,1124,88984.84896601584,Barranquilla A.M.,2024
5,"Actividades profesionales, científicas, técnicas y de servicios administrativos",38407.72013064917,42361.30331496584,80769.023445615,9.018429579996642,7.4733065344832275,11.099005427183863,80.769023445615,38.40772013064917,42.36130331496584,1109,80769.023445615,Barranquilla A.M.,2024
6,Alojamiento y servicios de comida,27922.583468956665,47078.57641404917,75001.15988300584,8.374407043294257,5.433127110601037,12.334969281717516,75.00115988300584,27.922583468956667,47.07857641404917,1036,75001.15988300584,Barranquilla A.M.,2024
7,Construcción,64244.55210502583,3916.536116058333,68161.08822108417,7.610664930617765,12.500591792958444,1.026164263282609,68.16108822108417,64.24455210502583,3.916536116058333,933,68161.08822108417,Barranquilla A.M.,2024
8,"Suministro de electricidad, gas, agua y gestión de desechos^",14740.175395906666,3175.579987208333,17915.755383115,2.000420104173492,2.868117366272745,0.8320277412246134,17.915755383115,14.740175395906666,3.1755799872083332,240,17915.755383115,Barranquilla A.M.,2024
9,Actividades financieras y de seguros,9407.562227953333,8015.766341765,17423.32856971833,1.9454371868312976,1.8305068885257192,2.100195866704042,17.423328569718333,9.407562227953333,8.015766341765,230,17423.328569718335,Barranquilla A.M.,2024
10,Actividades inmobiliarias,10482.6210460575,3033.140817886667,13515.761863944168,1.5091298791306873,2.039689939822752,0.7947075223071232,13.515761863944167,10.482621046057501,3.033140817886667,165,13515.761863944166,Barranquilla A.M.,2024
11,Información y comunicaciones,8957.364847785833,3975.7053257475,12933.070173533333,1.4440682533657343,1.7429082752373406,1.0416670766540337,12.933070173533332,8.957364847785833,3.9757053257475,193,12933.070173533331,Barranquilla A.M.,2024
0,Comercio y reparación de vehículos,419454.7720240917,323900.5029988417,743355.2750229334,17.62354595460425,18.783249398118613,16.31876661787804,743.3552750229334,419.4547720240917,323.9005029988417,2461,743355.2750229334,Bogotá D.C.,2024
1,"Administración pública y defensa, educación y atención de la salud humana",273350.18532862165,423696.4850505917,697046.6703792133,16.525656628390724,12.240663467179592,21.34669132137959,697.0466703792133,273.35018532862165,423.6964850505917,2216,697046.6703792133,Bogotá D.C.,2024
2,"Actividades profesionales, científicas, técnicas y de servicios administrativos",230350.873867875,331592.71579838,561943.589666255,13.322618415633073,10.315147666710416,16.706315955679376,561.9435896662551,230.35087386787498,331.59271579838,1846,561943.589666255,Bogotá D.C.,2024
3,Industrias manufactureras,286796.88112074166,220777.2529332333,507574.134053975,12.033621576967642,12.842808579095296,11.123207379417217,507.574134053975,286.79688112074166,220.7772529332333,1687,507574.134053975,Bogotá D.C.,2024
4,"Actividades artísticas, entretenimiento, recreación y otras actividades de servicio",118238.21349857168,229765.04302494167,348003.25652351335,8.2504982338423,5.294725440396486,11.57603053825495,348.00325652351336,118.23821349857168,229.76504302494166,1158,348003.2565235133,Bogotá D.C.,2024
5,Transporte y almacenamiento,282023.363812685,58906.658600075,340930.02241276,8.082805246939516,12.629049737657406,2.967837360651089,340.93002241276,282.02336381268503,58.906658600075005,1113,340930.02241276,Bogotá D.C.,2024
6,Alojamiento y servicios de comida,109602.57862769166,142431.30701326666,252033.88564095832,5.975246177642136,4.9080203787086605,7.175979156281663,252.03388564095832,109.60257862769166,142.43130701326666,825,252033.88564095832,Bogotá D.C.,2024
7,Construcción,190711.9488816,28533.477100166667,219245.42598176666,5.197893887289956,8.540110490955612,1.437574654201301,219.24542598176666,190.7119488816,28.533477100166667,715,219245.42598176663,Bogotá D.C.,2024
8,Información y comunicaciones,116843.66416400834,64455.954444225,181299.61860823334,4.2982706485749365,5.232277306065619,3.2474221804825296,181.29961860823335,116.84366416400835,64.455954444225,560,181299.61860823332,Bogotá D.C.,2024
9,Actividades financieras y de seguros,79567.78117085833,89026.70913757167,168594.49030843,3.997056114994315,3.5630575152958763,4.485346813984225,168.59449030842998,79.56778117085834,89.02670913757167,525,168594.49030843,Bogotá D.C.,2024
10,Actividades inmobiliarias,67592.13796660834,42903.72943454167,110495.86740115,2.619647781308806,3.0267863651958304,2.161577216449626,110.49586740115,67.59213796660833,42.90372943454167,365,110495.86740115,Bogotá D.C.,2024
11,"Suministro de electricidad, gas, agua y gestión de desechos^",45838.91968131666,23275.287071291667,69114.20675260833,1.6385669675688175,2.0526738946363596,1.1726563378689199,69.11420675260833,45.83891968131666,23.275287071291668,224,69114.20675260833,Bogotá D.C.,2024
12,"Agricultura, ganadería, caza, silvicultura y pesca",12760.781408033334,5569.335678416666,18330.11708645,0.43457236624353274,0.5714297599842268,0.28059446747147554,18.330117086450002,12.760781408033333,5.5693356784166665,60,18330.11708645,Bogotá D.C.,2024
0,Comercio y reparación de vehículos,71390.701684785,61978.73639646833,133369.43808125332,22.529508023966912,22.463150517619994,22.606429977758246,133.36943808125332,71.390701684785,61.978736396468335,2669,133369.43808125332,Bucaramanga A.M.,2024
1,"Administración pública y defensa, educación y atención de la salud humana",33793.039336545,57399.67154329917,91192.71087984418,15.404780443350557,10.633011178631472,20.936239280345433,91.19271087984417,33.793039336545,57.39967154329917,1799,91192.71087984416,Bucaramanga A.M.,2024
2,Industrias manufactureras,41475.981523718336,31626.77548089333,73102.75700461166,12.348924717716143,13.050456065651383,11.535706064698616,73.10275700461166,41.47598152371834,31.626775480893333,1490,73102.75700461166,Bucaramanga A.M.,2024
3,"Actividades profesionales, científicas, técnicas y de servicios administrativos",24724.420583349165,30740.594062415,55465.01464576417,9.369459079147402,7.779561874555441,11.212475883685077,55.46501464576417,24.724420583349165,30.740594062415,1154,55465.01464576417,Bucaramanga A.M.,2024
4,Transporte y almacenamiento,49944.59259659167,4186.1721755075005,54130.764772099166,9.14407016196235,15.715112396458672,1.5268850845084778,54.13076477209917,49.94459259659167,4.1861721755075,1091,54130.764772099166,Bucaramanga A.M.,2024
5,"Actividades artísticas, entretenimiento, recreación y otras actividades de servicio",15452.737070164168,34225.87078779167,49678.60785795584,8.391987028343367,4.862218055356116,12.483712905061777,49.67860785795584,15.452737070164169,34.22587078779167,1021,49678.60785795583,Bucaramanga A.M.,2024
6,Alojamiento y servicios de comida,15192.052541938334,27845.600746271663,43037.65328821,7.2701600084624225,4.780193426700593,10.156541744130697,43.03765328821,15.192052541938335,27.845600746271664,922,43037.65328821,Bucaramanga A.M.,2024
7,Construcción,31466.450167051666,4373.557557396667,35840.00772444833,6.05429364645792,9.900947737964499,1.5952329528392415,35.840007724448334,31.466450167051665,4.373557557396667,598,35840.00772444833,Bucaramanga A.M.,2024
8,Actividades inmobiliarias,7382.285466404167,4477.284760743333,11859.5702271475,2.003384631721527,2.32284297089655,1.6330669245460079,11.8595702271475,7.382285466404167,4.477284760743333,222,11859.5702271475,Bucaramanga A.M.,2024
9,"Suministro de electricidad, gas, agua y gestión de desechos^",8357.899850353333,3116.1016185091667,11474.0014688625,1.9382522103921318,2.6298209419293785,1.1365822722132917,11.4740014688625,8.357899850353332,3.1161016185091666,233,11474.0014688625,Bucaramanga A.M.,2024
10,Actividades financieras y de seguros,4474.604475045,6806.260272165,11280.86474721,1.9056264800689549,1.407938449373353,2.4825489385398862,11.28086474721,4.474604475045,6.806260272165,252,11280.86474721,Bucaramanga A.M.,2024
11,"Agricultura, ganadería, caza, silvicultura y pesca",7904.794450178333,3006.2483680975,10911.042818275833,1.8431541008250298,2.4872509073971827,1.096513855887818,10.911042818275833,7.904794450178333,3.0062483680975003,182,10911.042818275831,Bucaramanga A.M.,2024
12,Información y comunicaciones,6252.946690969166,4381.319592450834,10634.26628342,1.796399467585282,1.9674954774653757,1.5980641157854243,10.63426628342,6.252946690969166,4.381319592450834,200,10634.26628342,Bucaramanga A.M.,2024
0,Comercio y reparación de vehículos,130003.6992809745,109276.796690109,239280.4959710835,22.019347000504062,22.87141077447659,21.084851017629497,239.2804959710835,130.0036992809745,109.276796690109,2880,239280.4959710835,Cali A.M.,2024
1,Industrias manufactureras,99010.616974269,74475.67125486083,173486.28822912983,15.964756194789556,17.418831190015784,14.370007910277865,173.48628822912983,99.010616974269,74.47567125486083,2300,173486.28822912983,Cali A.M.,2024
2,"Administración pública y defensa, educación y atención de la salud humana",48738.5791286225,87431.61532001117,136170.19444863367,12.530811383193235,8.574525724885977,16.86984464305759,136.17019444863368,48.7385791286225,87.43161532001118,1685,136170.19444863367,Cali A.M.,2024
3,"Actividades artísticas, entretenimiento, recreación y otras actividades de servicio",30904.66359244241,85521.42225989042,116426.08585233282,10.71389614890635,5.437024175305171,16.501274760818337,116.42608585233282,30.90466359244241,85.52142225989041,1449,116426.08585233284,Cali A.M.,2024
4,"Actividades profesionales, científicas, técnicas y de servicios administrativos",38529.2256289805,52532.503386776334,91061.72901575683,8.379787920140942,6.7784051612127225,10.136095136778037,91.06172901575684,38.5292256289805,52.532503386776334,1136,91061.72901575683,Cali A.M.,2024
5,Alojamiento y servicios de comida,27394.487778964416,59435.61646885875,86830.10424782317,7.99038044351853,4.819482725602463,11.468044052761691,86.83010424782317,27.394487778964415,59.435616468858754,1067,86830.10424782317,Cali A.M.,2024
6,Transporte y almacenamiento,72139.78569406,9310.058674946667,81449.84436900666,7.495271936058451,12.691474788156414,1.7963667134507744,81.44984436900667,72.13978569406001,9.310058674946667,1099,81449.84436900666,Cali A.M.,2024
7,Construcción,66972.35887679759,5126.832276410917,72099.1911532085,6.634795293344868,11.782374954549212,0.9892172722361913,72.09919115320851,66.97235887679759,5.126832276410917,886,72099.1911532085,Cali A.M.,2024
8,Actividades financieras y de seguros,10502.818571214331,12759.832677391583,23262.651248605915,2.1407026423777737,1.8477495575943095,2.461997232364276,23.262651248605916,10.50281857121433,12.759832677391584,255,23262.65124860592,Cali A.M.,2024
9,Actividades inmobiliarias,15932.651234706917,6916.650350112916,22849.301584819834,2.1026649007619787,2.8030141690651282,1.334560918606849,22.849301584819834,15.932651234706917,6.916650350112916,269,22849.301584819837,Cali A.M.,2024
10,Información y comunicaciones,13459.954826391,7361.994906322833,20821.949732713834,1.9161015799929035,2.367995353539448,1.4204897150541587,20.821949732713833,13.459954826391,7.361994906322833,255,20821.949732713834,Cali A.M.,2024
11,"Suministro de electricidad, gas, agua y gestión de desechos^",11132.203461991585,4625.9607891575,15758.164251149085,1.4501160461441127,1.958476563455152,0.8925746087651388,15.758164251149084,11.132203461991585,4.625960789157499,210,15758.164251149085,Cali A.M.,2024
12,"Agricultura, ganadería, caza, silvicultura y pesca",3690.324773265583,3496.65425716525,7186.9790304308335,0.661368510267244,0.6492348621416218,0.6746760181995933,7.186979030430834,3.690324773265583,3.49665425716525,109,7186.9790304308335,Cali A.M.,2024
0,Comercio y reparación de vehículos,42057.71109068616,35476.11127750617,77533.82236819234,19.486851842906123,18.59596313706569,20.660263097156456,77.53382236819235,42.05771109068616,35.47611127750617,2311,77533.82236819233,Cartagena,2024
1,Transporte y almacenamiento,52195.742617472,4106.360180771667,56302.10279824367,14.150608110913184,23.078529012988245,2.391425628440339,56.30210279824367,52.195742617472,4.1063601807716665,1618,56302.102798243664,Cartagena,2024
2,"Administración pública y defensa, educación y atención de la salud humana",20561.66061664917,34886.74443406883,55448.405050718,13.936045214147242,9.091409706999944,20.317032861156026,55.448405050718,20.56166061664917,34.88674443406883,1613,55448.405050718,Cartagena,2024
3,"Actividades artísticas, entretenimiento, recreación y otras actividades de servicio",12827.185167838334,34089.918454006,46917.10362184433,11.791842827450045,5.671584504898595,19.852984412836218,46.91710362184433,12.827185167838334,34.089918454006,1432,46917.10362184433,Cartagena,2024
4,Alojamiento y servicios de comida,16497.28480932467,27096.6334414015,43593.91825072617,10.956614807013132,7.29433181740158,15.780297100982493,43.59391825072617,16.49728480932467,27.0966334414015,1289,43593.918250726165,Cartagena,2024
5,"Actividades profesionales, científicas, técnicas y de servicios administrativos",17531.775689248334,17378.839674265168,34910.6153635135,8.774209352182757,7.751735555498761,10.120934540570058,34.9106153635135,17.531775689248335,17.37883967426517,993,34910.6153635135,Cartagena,2024
6,Industrias manufactureras,23784.551167095167,9338.279008435,33122.830175530165,8.324878930683179,10.516421965552537,5.438344120632229,33.12283017553017,23.784551167095167,9.338279008435,958,33122.830175530165,Cartagena,2024
7,Construcción,28058.139671190333,2621.8363941925,30679.976065382834,7.7109077028464315,12.406003976180326,1.526881829803665,30.679976065382835,28.058139671190332,2.6218363941925,902,30679.976065382834,Cartagena,2024
8,"Suministro de electricidad, gas, agua y gestión de desechos^",6556.75405422,2019.1795869041664,8575.933641124167,2.155419959634803,2.8990915941234574,1.175911902506026,8.575933641124168,6.556754054220001,2.0191795869041664,242,8575.933641124167,Cartagena,2024
9,Actividades inmobiliarias,3886.8313662216665,1587.6266936208333,5474.4580598425,1.3759150506697932,1.7185759978805721,0.9245879553623045,5.4744580598425,3.8868313662216667,1.5876266936208332,159,5474.4580598425,Cartagena,2024
10,Actividades financieras y de seguros,2208.176086260833,3110.2787378016665,5318.454824062499,1.3367062015533078,0.9763527314102938,1.811336550554176,5.318454824062499,2.208176086260833,3.1102787378016665,152,5318.4548240625,Cartagena,2024
0,Comercio y reparación de vehículos,61733.636688775,44251.04934137833,105984.68603015333,26.15314556350094,26.75891213588845,25.352472069357333,105.98468603015333,61.733636688775,44.251049341378334,2804,105984.68603015332,Cúcuta A.M.,2024
1,Industrias manufactureras,37015.36234231584,20158.7974763075,57174.159818623346,14.108492275779398,16.044589007279466,11.549451540169917,57.174159818623345,37.01536234231584,20.158797476307498,1470,57174.15981862333,Cúcuta A.M.,2024
2,"Administración pública y defensa, educación y atención de la salud humana",21172.18402934,31810.133106885834,52982.31713622583,13.074098761410275,9.177243437352594,18.224777109652656,52.98231713622583,21.17218402934,31.810133106885836,1377,52982.31713622584,Cúcuta A.M.,2024
3,"Actividades artísticas, entretenimiento, recreación y otras actividades de servicio",13680.263569828334,23483.878903078334,37164.142472906664,9.17075158915022,5.9298138016125375,13.454469279980213,37.16414247290666,13.680263569828334,23.483878903078335,962,37164.14247290666,Cúcuta A.M.,2024
4,"Actividades profesionales, científicas, técnicas y de servicios administrativos",13905.279049878332,21936.111985526662,35841.391035404995,8.844344896022225,6.027348464769155,12.567717030459843,35.841391035404996,13.905279049878333,21.93611198552666,937,35841.391035405,Cúcuta A.M.,2024
5,Transporte y almacenamiento,31053.847922510835,3070.3719215358333,34124.21984404667,8.42060982818169,13.460525454363909,1.7590886440400875,34.124219844046664,31.053847922510833,3.070371921535833,822,34124.21984404667,Cúcuta A.M.,2024
6,Alojamiento y servicios de comida,11002.874405174169,21608.74115102,32611.61555619417,8.047354392873544,4.7692792008122,12.380158541753193,32.611615556194174,11.002874405174168,21.60874115102,882,32611.615556194167,Cúcuta A.M.,2024
7,Construcción,28901.2094523275,1555.9464089666667,30457.155861294166,7.515712510239814,12.527448014355535,0.8914384734794982,30.457155861294165,28.9012094523275,1.5559464089666668,696,30457.155861294166,Cúcuta A.M.,2024
8,"Suministro de electricidad, gas, agua y gestión de desechos^",9150.718628051667,2633.9866829583334,11784.70531101,2.908034405405704,3.9664482587139673,1.509073226616513,11.78470531101,9.150718628051667,2.6339866829583336,301,11784.70531101,Cúcuta A.M.,2024
9,Actividades financieras y de seguros,3087.712196090833,4034.314419453333,7122.026615544166,1.7574557774361985,1.3383922248521805,2.311354084490742,7.122026615544166,3.087712196090833,4.034314419453333,170,7122.026615544167,Cúcuta A.M.,2024
0,Comercio y reparación de vehículos,8921.3181909125,6486.970279420917,15408.288470333417,29.22034530178307,33.069971504004805,25.187937317427938,15.408288470333417,8.9213181909125,6.486970279420917,1915,15408.288470333417,Florencia,2024
1,"Administración pública y defensa, educación y atención de la salud humana",6500.156048494667,6844.493588793584,13344.64963728825,25.306851639209942,24.095091184424653,26.57614696200828,13.344649637288251,6.5001560484946665,6.8444935887935845,1630,13344.64963728825,Florencia,2024
2,"Actividades artísticas, entretenimiento, recreación y otras actividades de servicio",1966.020061683833,4505.54632656375,6471.566388247583,12.27270665863355,7.287737756334421,17.494363865713,6.471566388247583,1.966020061683833,4.50554632656375,864,6471.566388247584,Florencia,2024
3,Transporte y almacenamiento,5854.676304203584,392.85482778516666,6247.5311319887505,11.84784522381159,21.702395812135162,1.5253966568172805,6.24753113198875,5.854676304203584,0.39285482778516667,725,6247.53113198875,Florencia,2024
4,Alojamiento y servicios de comida,1770.880511705917,4111.8145961345,5882.695107840416,11.155968600092505,6.564385083671375,15.96556232681961,5.882695107840417,1.770880511705917,4.1118145961345,760,5882.695107840416,Florencia,2024
5,"Actividades profesionales, científicas, técnicas y de servicios administrativos",1964.0455818343328,3412.593935621584,5376.639517455917,10.196282576469349,7.280418659429581,13.25059287121389,5.376639517455916,1.9640455818343328,3.412593935621584,706,5376.639517455917,Florencia,2024
0,Comercio y reparación de vehículos,16875.370808408585,13781.737969839332,30657.108778247915,23.38711464628503,24.157311472960046,22.50840151639991,30.657108778247917,16.875370808408583,13.781737969839332,1874,30657.108778247915,Ibagué,2024
1,"Administración pública y defensa, educación y atención de la salud humana",9654.689234882,15141.565547827917,24796.25478270992,18.91609732660749,13.820812453227122,24.72927853390117,24.79625478270992,9.654689234882,15.141565547827916,1563,24796.254782709915,Ibagué,2024
2,"Actividades profesionales, científicas, técnicas y de servicios administrativos",5482.566668228834,11113.172055207,16595.738723435832,12.660242913714438,7.8483650628689645,18.150086678969885,16.595738723435833,5.482566668228833,11.113172055207,1006,16595.738723435832,Ibagué,2024
3,Construcción,12575.739337473668,1150.7938313854168,13726.533168859085,10.471437709217941,18.002333437718207,1.8794820853585816,13.726533168859085,12.575739337473667,1.1507938313854167,821,13726.533168859083,Ibagué,2024
4,Alojamiento y servicios de comida,4279.434380013667,8528.032229831168,12807.466609844834,9.770317615385617,6.126065638484949,13.928023736477769,12.807466609844834,4.279434380013667,8.528032229831167,775,12807.466609844834,Ibagué,2024
5,Transporte y almacenamiento,10856.909559355916,1299.0657317919167,12155.975291147832,9.27332025429601,15.541806389725888,2.1216404746163673,12.155975291147831,10.856909559355916,1.2990657317919168,729,12155.975291147834,Ibagué,2024
6,"Actividades artísticas, entretenimiento, recreación y otras actividades de servicio",3959.83755219325,6827.194209276417,10787.031761469667,8.2290065355937,5.668558647789325,11.150206804768139,10.787031761469667,3.95983755219325,6.827194209276416,655,10787.031761469669,Ibagué,2024
7,Industrias manufactureras,6171.61516735825,3387.7441123095,9559.35927966775,7.292462998899774,8.834746897225509,5.532880169508183,9.55935927966775,6.17161516735825,3.3877441123095,579,9559.35927966775,Ibagué,2024
0,Comercio y reparación de vehículos,23209.28560868192,18441.860471822085,41651.146080504004,19.316820570740497,19.987183034795038,18.534480529665274,41.651146080504006,23.20928560868192,18.441860471822086,2439,41651.146080504,Manizales A.M.,2024
1,"Administración pública y defensa, educación y atención de la salud humana",14682.566338728,23015.98106910792,37698.54740783592,17.483698399252038,12.644212569942304,23.131573609307193,37.69854740783592,14.682566338728,23.01598106910792,2195,37698.54740783592,Manizales A.M.,2024
2,Industrias manufactureras,20714.02044790333,11925.533637790331,32639.554085693664,15.137456447505631,17.838330961977565,11.98542692334201,32.63955408569366,20.71402044790333,11.92553363779033,1925,32639.554085693668,Manizales A.M.,2024
3,"Actividades profesionales, científicas, técnicas y de servicios administrativos",12517.035112421418,15487.614279704334,28004.64939212575,12.987896813418104,10.779318073940972,15.565397306673384,28.00464939212575,12.517035112421418,15.487614279704333,1639,28004.64939212575,Manizales A.M.,2024
4,"Actividades artísticas, entretenimiento, recreación y otras actividades de servicio",6288.6298392989165,12878.0368071865,19166.666646485417,8.88904857104655,5.415590886999271,12.942713823684418,19.166666646485417,6.288629839298917,12.878036807186499,1193,19166.666646485417,Manizales A.M.,2024
5,Alojamiento y servicios de comida,5938.430657088,10047.6842305565,15986.1148876445,7.41398357469004,5.114009215271003,10.098146443739719,15.9861148876445,5.938430657087999,10.0476842305565,943,15986.1148876445,Manizales A.M.,2024
6,Construcción,13849.302966343084,1291.7474308015,15141.050397144585,7.022062567231088,11.926629624010618,1.2982349390408356,15.141050397144586,13.849302966343084,1.2917474308015,886,15141.050397144583,Manizales A.M.,2024
7,Transporte y almacenamiento,13069.472114068083,1399.70046220375,14469.172576271832,6.710461458196202,11.25506125937426,1.406730140037531,14.469172576271832,13.069472114068082,1.39970046220375,853,14469.172576271834,Manizales A.M.,2024
8,Información y comunicaciones,3756.583483044417,1977.746846536667,5734.330329581084,2.659447350038744,3.2350638846466717,1.9876796311169047,5.734330329581084,3.756583483044417,1.977746846536667,338,5734.330329581084,Manizales A.M.,2024
9,Actividades financieras y de seguros,2095.5173166141667,3034.3771828079166,5129.894499422084,2.3791242478811028,1.8046004890423037,3.0496166533927385,5.129894499422083,2.0955173166141665,3.0343771828079165,296,5129.894499422084,Manizales A.M.,2024
0,Comercio y reparación de vehículos,225621.1936190333,178454.21810196416,404075.4117209974,19.427835178143386,19.91172410116763,18.848711196717765,404.0754117209974,225.6211936190333,178.45421810196416,3196,404075.4117209975,Medellín A.M.,2024
1,Industrias manufactureras,181540.336143855,164837.39355881666,346377.72970267164,16.65374642169379,16.021460699447026,17.410473446105918,346.3777297026716,181.540336143855,164.83739355881667,2538,346377.72970267164,Medellín A.M.,2024
2,"Administración pública y defensa, educación y atención de la salud humana",98123.193353365,158945.837433505,257069.03078687,12.359808626466974,8.659656137077128,16.788194852266216,257.06903078687,98.123193353365,158.94583743350498,1944,257069.03078687,Medellín A.M.,2024
3,"Actividades profesionales, científicas, técnicas y de servicios administrativos",103518.7095082925,126690.34615729084,230209.05566558335,11.068388375670574,9.135826071900336,13.38130177884932,230.20905566558335,103.51870950829249,126.69034615729085,1730,230209.0556655833,Medellín A.M.,2024
4,"Actividades artísticas, entretenimiento, recreación y otras actividades de servicio",62959.21201883,117122.03414542585,180081.24616425583,8.658257017552714,5.55633289247923,12.370676467383266,180.08124616425584,62.95921201883,117.12203414542584,1506,180081.24616425583,Medellín A.M.,2024
5,Transporte y almacenamiento,155867.54382671416,19486.24123435667,175353.7850610708,8.430961981874626,13.755762387485074,2.058177930689773,175.35378506107082,155.86754382671415,19.48624123435667,1337,175353.78506107084,Medellín A.M.,2024
6,Construcción,132480.17534600166,13240.220239494169,145720.39558549583,7.00619672815829,11.691759351375765,1.3984600091244137,145.72039558549582,132.48017534600166,13.24022023949417,1157,145720.39558549583,Medellín A.M.,2024
7,Alojamiento y servicios de comida,57530.435623005,86991.81437517666,144522.24999818165,6.9485902163177915,5.07722764502131,9.188259056445014,144.52224999818165,57.530435623005005,86.99181437517666,1154,144522.24999818168,Medellín A.M.,2024
8,Información y comunicaciones,33817.17570833167,18487.03292332417,52304.20863165584,2.5147720325053142,2.984463745555701,1.9526394397517182,52.30420863165584,33.81717570833167,18.48703292332417,379,52304.20863165584,Medellín A.M.,2024
9,Actividades financieras y de seguros,16456.843113560833,34707.97614368667,51164.8192572475,2.45999050329656,1.4523640904352546,3.6659297018192456,51.1648192572475,16.456843113560833,34.70797614368667,379,51164.8192572475,Medellín A.M.,2024
10,"Suministro de electricidad, gas, agua y gestión de desechos^",30161.26232298,10271.012113105,40432.274436085005,1.9439726863759115,2.661818795853834,1.0848459794169203,40.432274436085,30.16126232298,10.271012113105,282,40432.274436085,Medellín A.M.,2024
11,Actividades inmobiliarias,25178.691044626667,13816.131413658331,38994.822458284994,1.8748603887920205,2.2220924429452737,1.459288962971728,38.99482245828499,25.178691044626667,13.816131413658331,302,38994.822458285,Medellín A.M.,2024
12,"Agricultura, ganadería, caza, silvicultura y pesca",9852.499608669166,3721.201701893333,13573.7013105625,0.6526198431520494,0.8695116392564496,0.3930411784587012,13.5737013105625,9.852499608669167,3.721201701893333,101,13573.7013105625,Medellín A.M.,2024
0,Comercio y reparación de vehículos,24472.594803302083,15774.714830467585,40247.30963376967,23.78737744785426,26.537242540034594,20.49295895572029,40.24730963376967,24.472594803302083,15.774714830467584,1851,40247.30963376967,Montería,2024
1,"Administración pública y defensa, educación y atención de la salud humana",14787.020538209166,20051.64198086133,34838.662519070494,20.59070339509605,16.03453796464534,26.04912231534831,34.838662519070496,14.787020538209166,20.051641980861326,1549,34838.6625190705,Montería,2024
2,"Actividades artísticas, entretenimiento, recreación y otras actividades de servicio",6645.249392925,16864.091571459583,23509.340964384584,13.894731651849291,7.2058805490978814,21.90817013895812,23.509340964384585,6.645249392925001,16.864091571459582,1140,23509.340964384584,Montería,2024
3,Transporte y almacenamiento,18105.18643103208,471.56599449425,18576.75242552633,10.979422617867742,19.632643265438002,0.6126121881721293,18.57675242552633,18.10518643103208,0.47156599449425,857,18576.75242552633,Montería,2024
4,Alojamiento y servicios de comida,5081.135312694917,10791.607913091166,15872.743225786082,9.381271386344864,5.509808880320516,14.019396255713378,15.872743225786081,5.081135312694917,10.791607913091166,794,15872.743225786084,Montería,2024
5,"Actividades profesionales, científicas, técnicas y de servicios administrativos",5537.088531881417,6747.73637322275,12284.824905104168,7.260703126683571,6.004228914718711,8.765995837426868,12.284824905104168,5.537088531881417,6.74773637322275,574,12284.824905104168,Montería,2024
6,Industrias manufactureras,6641.934119301834,5598.01670568925,12239.950824991083,7.234181187925719,7.202285580075117,7.272393055344118,12.239950824991084,6.641934119301833,5.59801670568925,581,12239.950824991083,Montería,2024
7,Construcción,10949.60144962475,676.8917698444167,11626.493219469166,6.871609186378495,11.87337230566983,0.8793512533167819,11.626493219469166,10.94960144962475,0.6768917698444167,560,11626.493219469166,Montería,2024
0,Comercio y reparación de vehículos,18070.64913956025,19413.685073355417,37484.334212915666,25.68484293076364,24.728605738356258,26.643865910562987,37.48433421291567,18.07064913956025,19.413685073355417,2833,37484.33421291567,Pasto,2024
1,"Administración pública y defensa, educación y atención de la salud humana",14436.683238303416,19545.45507578692,33982.138314090334,23.285084379280587,19.75574010719955,26.82471062204118,33.982138314090335,14.436683238303416,19.54545507578692,2523,33982.138314090334,Pasto,2024
2,"Actividades artísticas, entretenimiento, recreación y otras actividades de servicio",5041.790830971,10784.878177040584,15826.669008011584,10.844677279819368,6.899390094481987,14.801458194312886,15.826669008011583,5.041790830971,10.784878177040584,1221,15826.669008011584,Pasto,2024
3,Transporte y almacenamiento,12935.49200034575,1140.0502407723334,14075.542241118084,9.644778257896284,17.70144941876701,1.5646357521340533,14.075542241118084,12.93549200034575,1.1400502407723334,1046,14075.542241118084,Pasto,2024
4,"Actividades profesionales, científicas, técnicas y de servicios administrativos",5507.448462211917,8384.483917137917,13891.932379349833,9.518965953660885,7.53661479421924,11.507092258547875,13.891932379349834,5.507448462211917,8.384483917137917,1061,13891.932379349832,Pasto,2024
5,Alojamiento y servicios de comida,3272.8070314495835,8274.781775982334,11547.588807431917,7.91258564346427,4.478641254854575,11.356534076110757,11.547588807431918,3.2728070314495836,8.274781775982333,902,11547.588807431915,Pasto,2024
6,Industrias manufactureras,6764.018311840583,4456.093872681084,11220.112184521666,7.688193619447779,9.256155700259379,6.115663624910936,11.220112184521666,6.764018311840583,4.456093872681084,857,11220.112184521668,Pasto,2024
7,Construcción,7047.002650050833,864.1913529534166,7911.19400300425,5.420871935667174,9.643402891861994,1.1860395613793266,7.911194003004249,7.047002650050833,0.8641913529534166,594,7911.19400300425,Pasto,2024
0,Comercio y reparación de vehículos,36162.29452694492,27199.616767702417,63361.91129464733,22.400170907456033,22.66766803230704,22.054155136470552,63.361911294647335,36.16229452694492,27.199616767702416,2785,63361.91129464733,Pereira A.M.,2024
1,"Administración pública y defensa, educación y atención de la salud humana",15330.02324398025,25646.44066302783,40976.46390700808,14.48630219552302,9.609342614119026,20.794799644101026,40.97646390700808,15.33002324398025,25.646440663027832,1979,40976.46390700808,Pereira A.M.,2024
2,Industrias manufactureras,22800.96535013533,14834.280800756083,37635.24615089141,13.305090214274554,14.292365020916927,12.028019839835288,37.63524615089141,22.800965350135332,14.834280800756083,1460,37635.24615089141,Pereira A.M.,2024
3,Construcción,26143.370942081583,3463.9451625759166,29607.3161046575,10.466997085541355,16.387490382254587,2.808656631162127,29.6073161046575,26.14337094208158,3.4639451625759166,1593,29607.3161046575,Pereira A.M.,2024
4,"Actividades profesionales, científicas, técnicas y de servicios administrativos",13024.562020396585,14972.166817233834,27996.72883763042,9.897610378202131,8.164206724342677,12.139821400295551,27.99672883763042,13.024562020396585,14.972166817233834,1322,27996.728837630417,Pereira A.M.,2024
5,"Actividades artísticas, entretenimiento, recreación y otras actividades de servicio",8251.191626273083,17360.92535277792,25612.116979051003,9.054584779878084,5.172107442351256,14.076688811935467,25.612116979051002,8.251191626273084,17.36092535277792,1082,25612.116979051,Pereira A.M.,2024
6,Alojamiento y servicios de comida,8683.14183884175,13487.983875355583,22171.125714197333,7.838100130837882,5.442867474397768,10.936407354772912,22.171125714197334,8.683141838841749,13.487983875355583,1015,22171.125714197333,Pereira A.M.,2024
7,Transporte y almacenamiento,16764.97302735608,1861.4525647505,18626.42559210658,6.584951560535508,10.508814446813657,1.509314046326407,18.62642559210658,16.76497302735608,1.8614525647505,796,18626.425592106585,Pereira A.M.,2024
8,Información y comunicaciones,4187.206820939166,1796.3067580859167,5983.513579025083,2.11533591804022,2.624673446231105,1.4564921356744431,5.983513579025083,4.187206820939166,1.7963067580859167,263,5983.513579025083,Pereira A.M.,2024
9,"Suministro de electricidad, gas, agua y gestión de desechos^",3809.9681877466655,1906.18561804025,5716.153805786916,2.0208169161360026,2.3882083596532238,1.5455847668077192,5.716153805786916,3.8099681877466653,1.9061856180402499,252,5716.153805786917,Pereira A.M.,2024
10,"Agricultura, ganadería, caza, silvicultura y pesca",4374.789283405416,801.7259828696667,5176.515266275083,1.8300399135752197,2.7422560566127383,0.6500602326185101,5.176515266275083,4.374789283405416,0.8017259828696667,231,5176.515266275083,Pereira A.M.,2024
0,"Administración pública y defensa, educación y atención de la salud humana",12021.238615141834,16014.538696992084,28035.77731213392,24.193328869759814,20.151775778349943,28.481040879373758,28.03577731213392,12.021238615141835,16.014538696992084,2061,28035.77731213392,Popayán,2024
1,Comercio y reparación de vehículos,13140.2142822755,12949.511728778416,26089.726011053914,22.51399397562525,22.02756807125928,23.03004662785201,26.089726011053912,13.1402142822755,12.949511728778416,1970,26089.72601105392,Popayán,2024
2,"Actividades artísticas, entretenimiento, recreación y otras actividades de servicio",3782.258093510083,7696.816097290916,11479.074190800999,9.905807637379981,6.340379679366779,13.68839515490622,11.479074190800999,3.7822580935100834,7.696816097290917,885,11479.074190801,Popayán,2024
3,Alojamiento y servicios de comida,3109.8883652415834,8345.074806358583,11454.963171600168,9.885001158201023,5.213254227655828,14.841290229981599,11.454963171600168,3.1098883652415834,8.345074806358584,901,11454.963171600166,Popayán,2024
4,Transporte y almacenamiento,10511.859342753169,885.9544190120833,11397.813761765252,9.83568437088832,17.621531297273528,1.57562478086767,11.397813761765251,10.51185934275317,0.8859544190120834,843,11397.81376176525,Popayán,2024
5,"Actividades profesionales, científicas, técnicas y de servicios administrativos",4525.00439190625,6409.56709907675,10934.571490983,9.435931851861186,7.58548073298249,11.399088417213136,10.934571490983,4.52500439190625,6.40956709907675,823,10934.571490983,Popayán,2024
6,Construcción,8371.271343829667,691.7573255201667,9063.028669349833,7.820893664280322,14.033161515327869,1.2302551474958583,9.063028669349833,8.371271343829667,0.6917573255201667,645,9063.028669349833,Popayán,2024
7,Industrias manufactureras,4191.760857091083,3235.548869572833,7427.309726663916,6.4093584720041035,7.0268486977842795,5.754258762309759,7.427309726663916,4.191760857091084,3.235548869572833,567,7427.309726663917,Popayán,2024
0,"Administración pública y defensa, educación y atención de la salud humana",3529.823004160167,5917.072788753833,9446.895792914,58.37824923432001,49.286361529054155,65.59691132688926,9.446895792913999,3.529823004160167,5.917072788753833,1989,9446.895792914,Quibdó,2024
1,Comercio y reparación de vehículos,3632.042661414167,3103.2799520440835,6735.322613458251,41.62175076567999,50.713638470945845,34.40308867311075,6.735322613458251,3.632042661414167,3.1032799520440837,1378,6735.32261345825,Quibdó,2024
0,"Administración pública y defensa, educación y atención de la salud humana",4151.057306861333,6987.198847716917,11138.25615457825,27.056133001746,19.615950474212944,34.92626472430484,11.13825615457825,4.1510573068613335,6.987198847716917,1459,11138.25615457825,Riohacha,2024
1,Comercio y reparación de vehículos,6671.959556268083,4045.37165198575,10717.331208253832,26.033656846282017,31.528552498029505,20.221225172605394,10.717331208253832,6.671959556268083,4.04537165198575,1339,10717.331208253834,Riohacha,2024
2,Transporte y almacenamiento,6830.96965823775,329.6146487575,7160.58430699525,17.39390068710577,32.279959682888375,1.6476142629424155,7.16058430699525,6.83096965823775,0.3296146487575,875,7160.58430699525,Riohacha,2024
3,"Actividades artísticas, entretenimiento, recreación y otras actividades de servicio",1842.2354885855,4991.986755772084,6834.222244357584,16.60112888774117,8.705541127124176,24.95298255169727,6.8342222443575835,1.8422354885855,4.991986755772084,895,6834.222244357583,Riohacha,2024
4,Alojamiento y servicios de comida,1665.4204621686667,3651.3995557315,5316.820017900167,12.91518057712504,7.869996217744991,18.251913288450076,5.316820017900167,1.6654204621686668,3.6513995557315,689,5316.820017900167,Riohacha,2024
0,Alojamiento y servicios de comida,2104.6207452685835,3139.358696214417,5243.979441483,100.0,100.0,100.0,5.243979441483,2.1046207452685834,3.139358696214417,1007,5243.979441483,San Andrés,2024
0,Comercio y reparación de vehículos,25089.453526539168,16549.68253725725,41639.13606379642,21.960993915480064,22.220900839538437,21.578366323660795,41.639136063796414,25.089453526539167,16.54968253725725,1951,41639.13606379642,Santa Marta,2024
1,"Administración pública y defensa, educación y atención de la salud humana",11344.308666617168,17107.016533964415,28451.32520058158,15.005579814624745,10.047279734784583,22.30504836837694,28.451325200581582,11.344308666617168,17.107016533964416,1355,28451.325200581585,Santa Marta,2024
2,Transporte y almacenamiento,22245.4503062725,1303.4476088483334,23548.897915120833,12.41997920028599,19.702061061779798,1.6995051067662585,23.548897915120833,22.245450306272502,1.3034476088483333,1074,23548.897915120837,Santa Marta,2024
3,Alojamiento y servicios de comida,10188.113257836,12852.1629417715,23040.2761996075,12.151725834448722,9.023275624751669,16.757341380089372,23.040276199607497,10.188113257836,12.8521629417715,1109,23040.2761996075,Santa Marta,2024
4,"Actividades artísticas, entretenimiento, recreación y otras actividades de servicio",7547.22225378375,13471.089747028333,21018.312000812082,11.085316978149889,6.684325632596584,17.564331441759666,21.01831200081208,7.54722225378375,13.471089747028332,1021,21018.31200081208,Santa Marta,2024
5,"Actividades profesionales, científicas, técnicas y de servicios administrativos",8931.5384047205,9968.570099785667,18900.10850450617,9.96815032937861,7.910368754181472,12.997557920039476,18.90010850450617,8.9315384047205,9.968570099785667,907,18900.108504506166,Santa Marta,2024
6,Construcción,16566.927635999167,782.1230091058334,17349.050645105002,9.150103284390019,14.67278096854294,1.0197740508106778,17.349050645105002,16.566927635999168,0.7821230091058333,788,17349.050645105,Santa Marta,2024
7,Industrias manufactureras,6738.81331456325,3904.803658538333,10643.616973101583,5.613574864446233,5.96834451896995,5.091293055091749,10.643616973101583,6.7388133145632505,3.904803658538333,502,10643.616973101583,Santa Marta,2024
8,"Suministro de electricidad, gas, agua y gestión de desechos^",4257.427338125,756.8197905841666,5014.247128709167,2.6445757787957205,3.7706628648545673,0.9867823534050638,5.014247128709167,4.257427338125,0.7568197905841666,226,5014.247128709167,Santa Marta,2024
0,Comercio y reparación de vehículos,14892.29085251525,9587.162902507,24479.453755022252,23.72440235105027,25.171904914122823,21.778987005229663,24.479453755022252,14.89229085251525,9.587162902507,2033,24479.45375502225,Sincelejo,2024
1,"Administración pública y defensa, educación y atención de la salud humana",7949.129072563916,11675.723931304,19624.853003867916,19.01953831990467,13.43612766808627,26.523533850668624,19.624853003867916,7.949129072563917,11.675723931304,1679,19624.85300386792,Sincelejo,2024
2,Transporte y almacenamiento,15133.680836517831,332.30867873625,15465.989515254081,14.988952028463235,25.57991774335845,0.7548996996837609,15.465989515254082,15.133680836517831,0.33230867873625,1248,15465.989515254085,Sincelejo,2024
3,"Actividades artísticas, entretenimiento, recreación y otras actividades de servicio",3510.2886720163333,9037.541415681584,12547.830087697917,12.160801160527742,5.933314998222308,20.53042167457949,12.547830087697918,3.5102886720163333,9.037541415681584,1082,12547.830087697916,Sincelejo,2024
4,Alojamiento y servicios de comida,3070.93101720225,6469.89208967425,9540.8231068765,9.246543179146597,5.1906845178080605,14.697538487575606,9.5408231068765,3.07093101720225,6.46989208967425,795,9540.8231068765,Sincelejo,2024
5,Industrias manufactureras,4497.632761415333,3006.747332173833,7504.380093589167,7.272912807500669,7.60218728805374,6.830374297520189,7.504380093589167,4.497632761415334,3.006747332173833,633,7504.380093589167,Sincelejo,2024
6,Construcción,7132.70900368175,239.04267985125,7371.751683533,7.1443752267669876,12.056162117627487,0.5430289931564921,7.371751683533,7.13270900368175,0.23904267985125,595,7371.751683533,Sincelejo,2024
7,"Actividades profesionales, científicas, técnicas y de servicios administrativos",2975.6892363203333,3671.823510300583,6647.512746620916,6.4424749266398225,5.029700752720877,8.34121599158618,6.647512746620916,2.975689236320333,3.671823510300583,547,6647.512746620917,Sincelejo,2024
0,"Administración pública y defensa, educación y atención de la salud humana",8686.829525016667,13811.09887298825,22497.928398004915,33.858246230158045,26.50021945245995,41.02242246731651,22.497928398004916,8.686829525016666,13.81109887298825,2500,22497.928398004915,Tunja,2024
1,Comercio y reparación de vehículos,7529.680726789917,7737.07804984,15266.758776629917,22.975701080167035,22.970197710482648,22.981059461090126,15.266758776629917,7.529680726789917,7.73707804984,1723,15266.758776629917,Tunja,2024
2,"Actividades profesionales, científicas, técnicas y de servicios administrativos",3198.5562794060834,4292.5437100105,7491.099989416583,11.273727228987584,9.757581070424239,12.749929831859419,7.4910999894165835,3.1985562794060836,4.2925437100105,834,7491.099989416583,Tunja,2024
3,Construcción,5178.7535366634165,713.2796393059167,5892.033175969334,8.867212417918473,15.798411240437035,2.118619160577444,5.892033175969334,5.178753536663416,0.7132796393059168,635,5892.033175969334,Tunja,2024
4,Transporte y almacenamiento,4693.387996743083,496.6753815545,5190.063378297583,7.810783317636864,14.317745217751865,1.4752502692666556,5.190063378297583,4.693387996743083,0.49667538155450003,558,5190.063378297584,Tunja,2024
5,"Actividades artísticas, entretenimiento, recreación y otras actividades de servicio",1761.7178476355,3340.1954033215834,5101.913250957084,7.6781218270358425,5.374332423723554,9.921216857438916,5.101913250957083,1.7617178476355,3.3401954033215833,605,5101.913250957084,Tunja,2024
6,Alojamiento y servicios de comida,1731.2914010411666,3276.3237167444167,5007.615117785584,7.536207898096145,5.281512884720704,9.731501952450937,5.007615117785583,1.7312914010411666,3.276323716744417,602,5007.615117785584,Tunja,2024
0,Comercio y reparación de vehículos,27660.83756031417,16377.076836031,44037.914396345164,25.48240655002311,27.546479696518432,22.61971213339058,44.037914396345165,27.660837560314167,16.377076836030998,1862,44037.91439634517,Valledupar,2024
1,"Administración pública y defensa, educación y atención de la salud humana",12718.017505577833,20370.567492375416,33088.58499795325,19.146610066366314,12.665437560719573,28.135446715227445,33.08858499795325,12.718017505577834,20.370567492375415,1434,33088.58499795325,Valledupar,2024
2,"Actividades artísticas, entretenimiento, recreación y otras actividades de servicio",7477.916239334167,15053.896171470831,22531.812410804996,13.037965399393231,7.447000381312549,20.792159754386596,22.531812410804996,7.477916239334166,15.05389617147083,991,22531.812410805,Valledupar,2024
3,Transporte y almacenamiento,17833.033094020582,610.1927347333334,18443.225828753915,10.672117086026196,17.759306202519774,0.8427867893486285,18.443225828753917,17.833033094020582,0.6101927347333334,763,18443.225828753915,Valledupar,2024
4,Construcción,15031.342027073832,828.0049166341666,15859.346943707998,9.176963350266517,14.969198132824388,1.1436249000243417,15.859346943708,15.031342027073832,0.8280049166341666,636,15859.346943708,Valledupar,2024
5,Alojamiento y servicios de comida,5813.08629590325,8951.937441844833,14765.023737748084,8.543736522573932,5.789053324037875,12.364248516264805,14.765023737748084,5.8130862959032505,8.951937441844834,632,14765.023737748084,Valledupar,2024
6,"Actividades profesionales, científicas, técnicas y de servicios administrativos",6815.0272988015,5744.840722157167,12559.868020958667,7.267729807641965,6.78685201445224,7.934666527391555,12.559868020958668,6.815027298801501,5.744840722157167,548,12559.868020958667,Valledupar,2024
7,Industrias manufactureras,7065.885090276083,4465.275270136083,11531.160360412166,6.672471217708726,7.036672687615167,6.167354663966044,11.531160360412166,7.065885090276083,4.465275270136083,496,11531.160360412166,Valledupar,2024
0,Comercio y reparación de vehículos,33365.90357805683,27886.435647167,61252.339225223826,26.0228399906621,25.99605817174645,26.054956830782327,61.25233922522383,33.36590357805683,27.886435647167,2608,61252.33922522383,Villavicencio,2024
1,"Administración pública y defensa, educación y atención de la salud humana",15708.095184678334,21473.437250991166,37181.5324356695,15.796442738673294,12.238498359048778,20.063140648809554,37.181532435669496,15.708095184678333,21.473437250991168,1616,37181.5324356695,Villavicencio,2024
2,Alojamiento y servicios de comida,8265.701149893333,16601.946196391167,24867.647346284502,10.564932148258048,6.439976888988319,15.511591259885057,24.867647346284503,8.265701149893333,16.601946196391168,1084,24867.6473462845,Villavicencio,2024
3,"Actividades artísticas, entretenimiento, recreación y otras actividades de servicio",7316.083639961334,14623.7513493275,21939.834989288833,9.321061408748292,5.70011045703782,13.663316995104429,21.939834989288833,7.316083639961334,14.6237513493275,958,21939.834989288836,Villavicencio,2024
4,"Actividades profesionales, científicas, técnicas y de servicios administrativos",8902.5689599625,12527.1273200955,21429.696280058,9.104330779824163,6.936173630657229,11.704391542486741,21.429696280058,8.902568959962501,12.5271273200955,916,21429.696280058,Villavicencio,2024
5,Construcción,18155.742648156665,1969.67452062575,20125.417168782416,8.550212405812571,14.145510578743503,1.8403135221338118,20.125417168782416,18.155742648156664,1.96967452062575,824,20125.417168782416,Villavicencio,2024
6,Transporte y almacenamiento,17027.1955714025,1944.6484267058331,18971.843998108332,8.060120918406806,13.2662364602344,1.816931050276288,18.971843998108334,17.027195571402498,1.944648426705833,774,18971.84399810833,Villavicencio,2024
7,Industrias manufactureras,10485.11629552775,6856.2584781195,17341.37477364725,7.367421826836812,8.169168640028184,6.4059645674450705,17.34137477364725,10.485116295527751,6.8562584781195,733,17341.37477364725,Villavicencio,2024
8,"Suministro de electricidad, gas, agua y gestión de desechos^",5508.480965779167,1513.70922145225,7022.1901872314165,2.9833527002846143,4.29177022853139,1.4142943515013973,7.022190187231416,5.5084809657791665,1.5137092214522498,285,7022.1901872314165,Villavicencio,2024
9,Actividades inmobiliarias,3614.9693488775,1632.3028993325,5247.27224821,2.2292850824932984,2.816496584983922,1.525099231575324,5.24727224821,3.6149693488775,1.6323028993325,210,5247.27224821,Villavicencio,2024
0,Comercio y reparación de vehículos,10307.705725590831,7376.087904296666,17683.7936298875,23.761713365281263,26.666068922108117,20.622831278944133,17.6837936298875,10.30770572559083,7.376087904296666,551,17683.7936298875,Yopal,2024
1,"Administración pública y defensa, educación y atención de la salud humana",5584.670816604166,9324.69321455,14909.364031154166,20.033712334674732,14.447561937388976,26.070944027058264,14.909364031154166,5.5846708166041665,9.324693214549999,476,14909.364031154166,Yopal,2024
2,Alojamiento y servicios de comida,2667.7265581791667,6337.917628925833,9005.644187105,12.100884025361799,6.90141745986509,17.720207190731188,9.005644187104998,2.6677265581791665,6.337917628925833,300,9005.644187105,Yopal,2024
3,"Actividades profesionales, científicas, técnicas y de servicios administrativos",3580.3093494766667,4994.720951116667,8575.030300593333,11.52226814934826,9.262272169701511,13.964758662960685,8.575030300593333,3.580309349476667,4.994720951116666,284,8575.030300593333,Yopal,2024
4,Transporte y almacenamiento,5642.944348474167,975.6953316933332,6618.6396801675,8.893466087639336,14.598315757739336,2.72795016358793,6.6186396801675,5.642944348474167,0.9756953316933332,204,6618.6396801675,Yopal,2024
5,Construcción,5419.672046644167,555.432498725,5975.104545369167,8.028747931930859,14.02070957189188,1.552935764414573,5.975104545369167,5.419672046644167,0.555432498725,184,5975.104545369167,Yopal,2024
6,Industrias manufactureras,3507.6712176091664,2383.5962388366665,5891.267456445833,7.916096036185538,9.074357081483281,6.664305483943609,5.891267456445833,3.5076712176091664,2.3835962388366667,194,5891.267456445833,Yopal,2024
7,"Actividades artísticas, entretenimiento, recreación y otras actividades de servicio",1944.06287117,3818.467540108333,5762.530411278333,7.743112069578206,5.029297099821808,10.67606742835962,5.762530411278333,1.94406287117,3.8184675401083332,188,5762.530411278333,Yopal,2024
