index,RAMA,Hombres,Mujeres,Total,Dist_%,Dist_H_%,Dist_M_%,Total_miles,Hombres_miles,Mujeres_miles,Ciudad,Año
0,"Administración pública y defensa, educación y atención de la salud humana",2663.54946301725,4725.512014827166,7389.061477844416,19.9,12.9,28.9,7,3,5,Arauca,2025
1,Comercio y reparación de vehículos,3804.4167855635833,2759.3540700104168,6563.770855574,17.7,18.4,16.8,7,4,3,Arauca,2025
2,Alojamiento y servicios de comida,1391.5296328058332,2554.4008535175,3945.930486323333,10.6,6.7,15.6,4,1,3,Arauca,2025
3,"Actividades profesionales, científicas, técnicas y de servicios administrativos",1179.87668754,2313.1219287214167,3492.998616261417,9.4,5.7,14.1,3,1,2,Arauca,2025
4,Construcción,3315.332974967667,161.01619188275,3476.3491668504166,9.4,16.0,1.0,3,3,0,Arauca,2025
5,"Actividades artísticas, entretenimiento, recreación y otras actividades de servicio",1018.6056689616667,2424.08872486925,3442.694393830917,9.3,4.9,14.8,3,1,2,Arauca,2025
6,Transporte y almacenamiento,2685.3799782159167,221.92726792666667,2907.3072461425836,7.8,13.0,1.4,3,3,0,Arauca,2025
7,"Agricultura, ganadería, caza, silvicultura y pesca",1667.0913844433333,117.23841678083333,1784.3298012241667,4.8,8.0,0.7,2,2,0,Arauca,2025
8,"Suministro de electricidad, gas, agua y gestión de desechos^",1388.6723904785833,210.02520732608335,1598.6975978046667,4.3,6.7,1.3,2,1,0,Arauca,2025
9,Industrias manufactureras,991.2962957133333,311.0188857525,1302.3151814658333,3.5,4.8,1.9,1,1,0,Arauca,2025
10,Actividades financieras y de seguros,439.70558308166665,376.6556916083333,816.36127469,2.2,2.1,2.3,1,0,0,Arauca,2025
11,Información y comunicaciones,173.24611610416667,147.77952859333334,321.0256446975,0.9,0.8,0.9,0,0,0,Arauca,2025
12,Actividades inmobiliarias,0.0,54.823731223333326,54.823731223333326,0.1,0.0,0.3,0,0,0,Arauca,2025
0,Comercio y reparación de vehículos,17827.694241636334,13584.467333721834,31412.16157535817,22.0,22.5,21.3,31,18,14,Armenia,2025
1,"Administración pública y defensa, educación y atención de la salud humana",8577.68383480575,12357.337014611583,20935.020849417335,14.6,10.8,19.4,21,9,12,Armenia,2025
2,Industrias manufactureras,8966.191411986583,5355.1469284335,14321.338340420083,10.0,11.3,8.4,14,9,5,Armenia,2025
3,Alojamiento y servicios de comida,4857.461086278084,8875.075093527666,13732.53617980575,9.6,6.1,13.9,14,5,9,Armenia,2025
4,"Actividades artísticas, entretenimiento, recreación y otras actividades de servicio",4723.106765028917,8720.824067116417,13443.930832145334,9.4,6.0,13.7,13,5,9,Armenia,2025
5,"Actividades profesionales, científicas, técnicas y de servicios administrativos",4530.9019555665,8447.106323340584,12978.008278907084,9.1,5.7,13.3,13,5,8,Armenia,2025
6,Construcción,10281.838324265333,675.73881164525,10957.577135910582,7.7,13.0,1.1,11,10,1,Armenia,2025
7,Transporte y almacenamiento,8161.521394560334,975.6958567759167,9137.217251336251,6.4,10.3,1.5,9,8,1,Armenia,2025
8,"Agricultura, ganadería, caza, silvicultura y pesca",3479.7733914288333,509.81257924566665,3989.5859706745,2.8,4.4,0.8,4,3,1,Armenia,2025
9,Actividades inmobiliarias,2793.7439039275,1027.80221084525,3821.54611477275,2.7,3.5,1.6,4,3,1,Armenia,2025
10,Información y comunicaciones,2259.823830937083,1209.3055835326668,3469.12941446975,2.4,2.9,1.9,3,2,1,Armenia,2025
11,"Suministro de electricidad, gas, agua y gestión de desechos^",1626.8131140169166,752.0902293514167,2378.9033433683335,1.7,2.1,1.2,2,2,1,Armenia,2025
12,Actividades financieras y de seguros,1146.03347427925,1227.8882029103333,2373.9216771895835,1.7,1.4,1.9,2,1,1,Armenia,2025
0,Comercio y reparación de vehículos,111282.90895647333,85009.24499471167,196292.153951185,21.2,21.0,21.5,196,111,85,Barranquilla A.M.,2025
1,"Administración pública y defensa, educación y atención de la salud humana",43730.204375669164,72079.00899287917,115809.21336854834,12.5,8.2,18.2,116,44,72,Barranquilla A.M.,2025
2,Industrias manufactureras,79707.44798336083,35561.28764992833,115268.73563328916,12.5,15.0,9.0,115,80,36,Barranquilla A.M.,2025
3,"Actividades artísticas, entretenimiento, recreación y otras actividades de servicio",29195.1395629825,76964.77336897916,106159.91293196166,11.5,5.5,19.5,106,29,77,Barranquilla A.M.,2025
4,Transporte y almacenamiento,90308.45307696417,6339.314771569167,96647.76784853335,10.4,17.0,1.6,97,90,6,Barranquilla A.M.,2025
5,Alojamiento y servicios de comida,28408.138752296665,50115.98862075667,78524.12737305333,8.5,5.4,12.7,79,28,50,Barranquilla A.M.,2025
6,"Actividades profesionales, científicas, técnicas y de servicios administrativos",36353.766071805,41805.21293970833,78158.97901151334,8.4,6.9,10.6,78,36,42,Barranquilla A.M.,2025
7,Construcción,65597.47746471583,5564.5716362816665,71162.0491009975,7.7,12.4,1.4,71,66,6,Barranquilla A.M.,2025
8,"Suministro de electricidad, gas, agua y gestión de desechos^",15310.931084454167,4609.57226408,19920.503348534166,2.2,2.9,1.2,20,15,5,Barranquilla A.M.,2025
9,Actividades financieras y de seguros,8394.817738055,8173.807797658334,16568.625535713334,1.8,1.6,2.1,17,8,8,Barranquilla A.M.,2025
10,Información y comunicaciones,9515.470515906667,5089.152643878333,14604.623159785,1.6,1.8,1.3,15,10,5,Barranquilla A.M.,2025
11,Actividades inmobiliarias,9868.330855169166,3253.9965385533333,13122.327393722499,1.4,1.9,0.8,13,10,3,Barranquilla A.M.,2025
12,"Agricultura, ganadería, caza, silvicultura y pesca",2990.67901301,566.3600118975,3557.0390249075,0.4,0.6,0.1,4,3,1,Barranquilla A.M.,2025
0,Comercio y reparación de vehículos,417269.8098108833,335305.6499785,752575.4597893832,17.5,18.3,16.5,753,417,335,Bogotá D.C.,2025
1,"Administración pública y defensa, educación y atención de la salud humana",249518.34544775,439559.88607395836,689078.2315217084,16.0,11.0,21.6,689,250,440,Bogotá D.C.,2025
2,"Actividades profesionales, científicas, técnicas y de servicios administrativos",264751.13719426666,293726.2343004,558477.3714946667,13.0,11.6,14.4,558,265,294,Bogotá D.C.,2025
3,Industrias manufactureras,311414.45906924165,241798.57493865833,553213.0340078999,12.8,13.7,11.9,553,311,242,Bogotá D.C.,2025
4,"Actividades artísticas, entretenimiento, recreación y otras actividades de servicio",112867.40540235833,231029.10891464166,343896.514317,8.0,5.0,11.4,344,113,231,Bogotá D.C.,2025
5,Transporte y almacenamiento,276538.07996200834,61493.424129483334,338031.5040914917,7.8,12.2,3.0,338,277,61,Bogotá D.C.,2025
6,Alojamiento y servicios de comida,117668.39417880833,166570.97727815,284239.37145695835,6.6,5.2,8.2,284,118,167,Bogotá D.C.,2025
7,Construcción,212323.41338220832,32629.530770225,244952.9441524333,5.7,9.3,1.6,245,212,33,Bogotá D.C.,2025
8,Actividades financieras y de seguros,75014.476371475,95758.31756459166,170772.79393606668,4.0,3.3,4.7,171,75,96,Bogotá D.C.,2025
9,Información y comunicaciones,104591.18015265833,66090.75347281666,170681.93362547498,4.0,4.6,3.2,171,105,66,Bogotá D.C.,2025
10,Actividades inmobiliarias,60470.972828566664,42580.13055288333,103051.10338145,2.4,2.7,2.1,103,60,43,Bogotá D.C.,2025
11,"Suministro de electricidad, gas, agua y gestión de desechos^",49515.70372968334,20007.695087341668,69523.39881702501,1.6,2.2,1.0,70,50,20,Bogotá D.C.,2025
12,"Agricultura, ganadería, caza, silvicultura y pesca",23514.409401408335,8608.7960956,32123.205497008334,0.7,1.0,0.4,32,24,9,Bogotá D.C.,2025
0,Comercio y reparación de vehículos,69921.52866298417,55384.615068885,125306.14373186918,20.5,21.3,19.7,125,70,55,Bucaramanga A.M.,2025
1,"Administración pública y defensa, educación y atención de la salud humana",30553.41724282667,59907.309031472,90460.72627429868,14.8,9.3,21.3,90,31,60,Bucaramanga A.M.,2025
2,Industrias manufactureras,47383.91298684583,32773.44489087,80157.35787771584,13.1,14.4,11.6,80,47,33,Bucaramanga A.M.,2025
3,Transporte y almacenamiento,54913.4647098475,5313.046125244166,60226.51083509167,9.9,16.7,1.9,60,55,5,Bucaramanga A.M.,2025
4,"Actividades profesionales, científicas, técnicas y de servicios administrativos",22288.386504708335,31267.2111700375,53555.59767474583,8.8,6.8,11.1,54,22,31,Bucaramanga A.M.,2025
5,"Actividades artísticas, entretenimiento, recreación y otras actividades de servicio",14402.7365247775,37976.2366596745,52378.973184452,8.6,4.4,13.5,52,14,38,Bucaramanga A.M.,2025
6,Alojamiento y servicios de comida,17046.687345530834,31972.127637436668,49018.8149829675,8.0,5.2,11.4,49,17,32,Bucaramanga A.M.,2025
7,Construcción,31784.7130370265,2825.36521395,34610.0782509765,5.7,9.7,1.0,35,32,3,Bucaramanga A.M.,2025
8,Actividades financieras y de seguros,6942.399156451666,9350.7348948825,16293.134051334167,2.7,2.1,3.3,16,7,9,Bucaramanga A.M.,2025
9,Actividades inmobiliarias,9649.411950385833,5588.337759100833,15237.749709486667,2.5,2.9,2.0,15,10,6,Bucaramanga A.M.,2025
10,Información y comunicaciones,6909.3523179133335,4265.909232094167,11175.2615500075,1.8,2.1,1.5,11,7,4,Bucaramanga A.M.,2025
11,"Suministro de electricidad, gas, agua y gestión de desechos^",7929.443653021666,2861.57678068,10791.020433701666,1.8,2.4,1.0,11,8,3,Bucaramanga A.M.,2025
12,"Agricultura, ganadería, caza, silvicultura y pesca",8759.147692915,2031.5887902825,10790.7364831975,1.8,2.7,0.7,11,9,2,Bucaramanga A.M.,2025
0,Comercio y reparación de vehículos,122694.89499501925,109835.30521266183,232530.20020768107,20.9,21.1,20.6,233,123,110,Cali A.M.,2025
1,Industrias manufactureras,98547.04283360609,71779.72851702808,170326.77135063417,15.3,17.0,13.4,170,99,72,Cali A.M.,2025
2,"Administración pública y defensa, educación y atención de la salud humana",56140.834073022415,97991.80301809341,154132.63709111582,13.8,9.7,18.4,154,56,98,Cali A.M.,2025
3,"Actividades artísticas, entretenimiento, recreación y otras actividades de servicio",34247.064452378334,84760.33088989517,119007.39534227349,10.7,5.9,15.9,119,34,85,Cali A.M.,2025
4,"Actividades profesionales, científicas, técnicas y de servicios administrativos",38743.644777852336,57766.98072838875,96510.62550624108,8.7,6.7,10.8,97,39,58,Cali A.M.,2025
5,Alojamiento y servicios de comida,31092.553209585833,59500.33949473817,90592.892704324,8.1,5.3,11.1,91,31,60,Cali A.M.,2025
6,Transporte y almacenamiento,71901.087469847,10078.610418221167,81979.69788806817,7.4,12.4,1.9,82,72,10,Cali A.M.,2025
7,Construcción,69275.38838803708,5867.793146095833,75143.18153413292,6.7,11.9,1.1,75,69,6,Cali A.M.,2025
8,Información y comunicaciones,16397.768877051665,6814.259463165,23212.028340216664,2.1,2.8,1.3,23,16,7,Cali A.M.,2025
9,Actividades financieras y de seguros,9143.590442534167,14043.55850189225,23187.148944426415,2.1,1.6,2.6,23,9,14,Cali A.M.,2025
10,Actividades inmobiliarias,15683.234937948333,7246.8257862058335,22930.060724154166,2.1,2.7,1.4,23,16,7,Cali A.M.,2025
11,"Suministro de electricidad, gas, agua y gestión de desechos^",13064.278196671417,4724.30551814275,17788.583714814165,1.6,2.2,0.9,18,13,5,Cali A.M.,2025
12,"Agricultura, ganadería, caza, silvicultura y pesca",4352.9511570625,3357.8138915775,7710.76504864,0.7,0.7,0.6,8,4,3,Cali A.M.,2025
0,Comercio y reparación de vehículos,41653.85417194667,36314.329487195835,77968.1836591425,18.6,17.4,20.3,78,42,36,Cartagena,2025
1,Transporte y almacenamiento,54183.18543959333,4363.385634973333,58546.571074566666,14.0,22.6,2.4,59,54,4,Cartagena,2025
2,"Administración pública y defensa, educación y atención de la salud humana",18917.859583459165,34928.37930551667,53846.23888897583,12.9,7.9,19.5,54,19,35,Cartagena,2025
3,Alojamiento y servicios de comida,19228.145903731667,30116.82866581,49344.974569541664,11.8,8.0,16.8,49,19,30,Cartagena,2025
4,"Actividades artísticas, entretenimiento, recreación y otras actividades de servicio",13549.377299595833,35257.736071969164,48807.113371565,11.7,5.7,19.7,49,14,35,Cartagena,2025
5,Construcción,32729.860095184165,2715.0940724516668,35444.954167635835,8.5,13.7,1.5,35,33,3,Cartagena,2025
6,Industrias manufactureras,22900.612008085835,10923.8172910525,33824.42929913833,8.1,9.6,6.1,34,23,11,Cartagena,2025
7,"Actividades profesionales, científicas, técnicas y de servicios administrativos",17597.6088088975,16158.126462091666,33755.73527098917,8.1,7.3,9.0,34,18,16,Cartagena,2025
8,"Suministro de electricidad, gas, agua y gestión de desechos^",7121.0974043975,2006.1634726816667,9127.260877079167,2.2,3.0,1.1,9,7,2,Cartagena,2025
9,Actividades inmobiliarias,5474.487746265,2267.240122413333,7741.727868678334,1.8,2.3,1.3,8,5,2,Cartagena,2025
10,Actividades financieras y de seguros,1898.5825130341666,2582.4871627633333,4481.0696757975,1.1,0.8,1.4,4,2,3,Cartagena,2025
11,Información y comunicaciones,2864.4596669258335,1417.0872713891667,4281.546938315,1.0,1.2,0.8,4,3,1,Cartagena,2025
12,"Agricultura, ganadería, caza, silvicultura y pesca",1440.71026475,163.29995187666668,1604.0102166266668,0.4,0.6,0.1,2,1,0,Cartagena,2025
0,Comercio y reparación de vehículos,63817.36375273,45350.5206675025,109167.8844202325,25.3,25.6,24.8,109,64,45,Cúcuta A.M.,2025
1,Industrias manufactureras,40577.326249615835,23161.4752601625,63738.801509778335,14.8,16.3,12.6,64,41,23,Cúcuta A.M.,2025
2,"Administración pública y defensa, educación y atención de la salud humana",19365.0502468175,32207.351554774166,51572.401801591666,11.9,7.8,17.6,52,19,32,Cúcuta A.M.,2025
3,"Actividades artísticas, entretenimiento, recreación y otras actividades de servicio",12972.1069228275,23601.162167099166,36573.26908992667,8.5,5.2,12.9,37,13,24,Cúcuta A.M.,2025
4,Transporte y almacenamiento,32843.1596702475,2775.2677479583335,35618.427418205836,8.2,13.2,1.5,36,33,3,Cúcuta A.M.,2025
5,Alojamiento y servicios de comida,11976.149748820833,23602.745215188334,35578.89496400917,8.2,4.8,12.9,36,12,24,Cúcuta A.M.,2025
6,"Actividades profesionales, científicas, técnicas y de servicios administrativos",12276.657899390833,21632.217363557498,33908.875262948335,7.9,4.9,11.8,34,12,22,Cúcuta A.M.,2025
7,Construcción,31197.07504471667,1699.6385976225,32896.71364233917,7.6,12.5,0.9,33,31,2,Cúcuta A.M.,2025
8,"Suministro de electricidad, gas, agua y gestión de desechos^",8633.990805433334,2351.2918213525,10985.282626785833,2.5,3.5,1.3,11,9,2,Cúcuta A.M.,2025
9,Actividades financieras y de seguros,3219.0749704708333,3010.198302261667,6229.2732727325,1.4,1.3,1.6,6,3,3,Cúcuta A.M.,2025
10,"Agricultura, ganadería, caza, silvicultura y pesca",5058.579055206666,646.9939706366667,5705.573025843333,1.3,2.0,0.4,6,5,1,Cúcuta A.M.,2025
11,Actividades inmobiliarias,3900.7154968966665,1188.96196435,5089.677461246667,1.2,1.6,0.6,5,4,1,Cúcuta A.M.,2025
12,Información y comunicaciones,2971.352447728333,1891.0575274116666,4862.40997514,1.1,1.2,1.0,5,3,2,Cúcuta A.M.,2025
0,Comercio y reparación de vehículos,9413.456438052084,6486.69984603825,15900.156284090335,23.5,24.6,22.0,16,9,6,Florencia,2025
1,"Administración pública y defensa, educación y atención de la salud humana",7007.9574899355,7850.310835171167,14858.268325106666,21.9,18.3,26.7,15,7,8,Florencia,2025
2,"Actividades artísticas, entretenimiento, recreación y otras actividades de servicio",2066.1230854874166,4306.88317051175,6373.006255999167,9.4,5.4,14.6,6,2,4,Florencia,2025
3,Transporte y almacenamiento,5565.498102125417,415.82227727125,5981.320379396667,8.8,14.5,1.4,6,6,0,Florencia,2025
4,"Actividades profesionales, científicas, técnicas y de servicios administrativos",2090.42826547,3710.6130837768333,5801.041349246833,8.6,5.5,12.6,6,2,4,Florencia,2025
5,Alojamiento y servicios de comida,1575.8093900125834,3974.3452915881667,5550.15468160075,8.2,4.1,13.5,6,2,4,Florencia,2025
6,Construcción,4866.809197520417,263.53703186925003,5130.346229389667,7.6,12.7,0.9,5,5,0,Florencia,2025
7,Industrias manufactureras,2134.7559332035,1249.7763288026667,3384.5322620061665,5.0,5.6,4.2,3,2,1,Florencia,2025
8,"Agricultura, ganadería, caza, silvicultura y pesca",1200.6962945020832,141.22174620125,1341.9180407033332,2.0,3.1,0.5,1,1,0,Florencia,2025
9,Actividades financieras y de seguros,767.8165547443333,511.16896502833333,1278.9855197726665,1.9,2.0,1.7,1,1,1,Florencia,2025
10,"Suministro de electricidad, gas, agua y gestión de desechos^",830.15577527025,244.74623276358335,1074.9020080338335,1.6,2.2,0.8,1,1,0,Florencia,2025
11,Información y comunicaciones,584.3432228544167,157.16456858675,741.5077914411667,1.1,1.5,0.5,1,1,0,Florencia,2025
12,Actividades inmobiliarias,203.8673282465,120.0479823375,323.915310584,0.5,0.5,0.4,0,0,0,Florencia,2025
0,Comercio y reparación de vehículos,16109.26508577325,11966.916933522833,28076.18201929608,19.4,19.9,18.8,28,16,12,Ibagué,2025
1,"Administración pública y defensa, educación y atención de la salud humana",10541.423167445417,14520.00943464275,25061.432602088167,17.3,13.0,22.8,25,11,15,Ibagué,2025
2,"Actividades profesionales, científicas, técnicas y de servicios administrativos",4972.4925189355,11940.488724544,16912.981243479502,11.7,6.1,18.7,17,5,12,Ibagué,2025
3,Construcción,15586.368045295416,894.7845081223334,16481.15255341775,11.4,19.2,1.4,16,16,1,Ibagué,2025
4,Alojamiento y servicios de comida,4217.172286757834,8776.498948678833,12993.671235436666,9.0,5.2,13.8,13,4,9,Ibagué,2025
5,"Actividades artísticas, entretenimiento, recreación y otras actividades de servicio",3822.766571709,7398.453587008166,11221.220158717166,7.7,4.7,11.6,11,4,7,Ibagué,2025
6,Transporte y almacenamiento,9732.259803730916,1050.3754706139166,10782.635274344833,7.4,12.0,1.6,11,10,1,Ibagué,2025
7,Industrias manufactureras,6469.554642734,3198.9069113206665,9668.461554054666,6.7,8.0,5.0,10,6,3,Ibagué,2025
8,"Suministro de electricidad, gas, agua y gestión de desechos^",3952.7723347285,1093.08734780025,5045.8596825287495,3.5,4.9,1.7,5,4,1,Ibagué,2025
9,Actividades financieras y de seguros,1238.35725535225,1473.8202793648334,2712.1775347170833,1.9,1.5,2.3,3,1,1,Ibagué,2025
10,Información y comunicaciones,1579.0499137631666,516.2684309904166,2095.318344753583,1.4,1.9,0.8,2,2,1,Ibagué,2025
11,Actividades inmobiliarias,1337.0048980676668,574.6259329729166,1911.6308310405834,1.3,1.6,0.9,2,1,1,Ibagué,2025
12,"Agricultura, ganadería, caza, silvicultura y pesca",1545.2817287615,347.8962657925,1893.1779945540002,1.3,1.9,0.5,2,2,0,Ibagué,2025
0,"Administración pública y defensa, educación y atención de la salud humana",1069.0714060250834,1084.955393227,2154.0267992520835,23.8,17.4,37.0,2,1,1,Inírida,2025
1,Transporte y almacenamiento,1837.0223571321667,131.1617404295,1968.1840975616667,21.7,30.0,4.5,2,2,0,Inírida,2025
2,Comercio y reparación de vehículos,1151.8221637088334,668.5288408065,1820.3510045153334,20.1,18.8,22.8,2,1,1,Inírida,2025
3,Construcción,838.6765798363333,0.0,838.6765798363333,9.3,13.7,0.0,1,1,0,Inírida,2025
4,Alojamiento y servicios de comida,125.54180257658334,445.425484049,570.9672866255833,6.3,2.0,15.2,1,0,0,Inírida,2025
5,"Agricultura, ganadería, caza, silvicultura y pesca",498.28798690941665,6.60091185875,504.88889876816665,5.6,8.1,0.2,1,0,0,Inírida,2025
6,Industrias manufactureras,298.42158129083333,120.80427172825,419.22585301908333,4.6,4.9,4.1,0,0,0,Inírida,2025
7,"Actividades profesionales, científicas, técnicas y de servicios administrativos",98.07865486675,272.63007473075,370.7087295975,4.1,1.6,9.3,0,0,0,Inírida,2025
8,"Actividades artísticas, entretenimiento, recreación y otras actividades de servicio",118.78088842408334,138.34800339025,257.1288918143333,2.8,1.9,4.7,0,0,0,Inírida,2025
9,"Suministro de electricidad, gas, agua y gestión de desechos^",84.607969135,31.58014857225,116.18811770725,1.3,1.4,1.1,0,0,0,Inírida,2025
10,Actividades financieras y de seguros,5.9161699927499996,29.930272230083332,35.84644222283333,0.4,0.1,1.0,0,0,0,Inírida,2025
11,Actividades inmobiliarias,3.85584797325,0.0,3.85584797325,0.0,0.1,0.0,0,0,0,Inírida,2025
0,"Administración pública y defensa, educación y atención de la salud humana",2328.4385671673335,2202.6061806226667,4531.04474779,27.2,22.8,34.2,5,2,2,Leticia,2025
1,Transporte y almacenamiento,3342.80886799625,120.65129536124999,3463.4601633575,20.8,32.8,1.9,3,3,0,Leticia,2025
2,Comercio y reparación de vehículos,1502.3613581236666,1404.47862988425,2906.839988007917,17.5,14.7,21.8,3,2,1,Leticia,2025
3,"Actividades profesionales, científicas, técnicas y de servicios administrativos",522.0686629609166,1109.7676292044166,1631.8362921653334,9.8,5.1,17.2,2,1,1,Leticia,2025
4,Alojamiento y servicios de comida,518.0571987295833,833.6381842996667,1351.69538302925,8.1,5.1,12.9,1,1,1,Leticia,2025
5,Construcción,951.1943826503333,0.0,951.1943826503333,5.7,9.3,0.0,1,1,0,Leticia,2025
6,"Actividades artísticas, entretenimiento, recreación y otras actividades de servicio",380.9456085719167,339.2701596584167,720.2157682303334,4.3,3.7,5.3,1,0,0,Leticia,2025
7,Industrias manufactureras,277.11931221675,114.74794830616666,391.8672605229167,2.4,2.7,1.8,0,0,0,Leticia,2025
8,"Agricultura, ganadería, caza, silvicultura y pesca",213.03534002158332,166.7991750745,379.83451509608335,2.3,2.1,2.6,0,0,0,Leticia,2025
9,"Suministro de electricidad, gas, agua y gestión de desechos^",93.55292512791667,42.774657708,136.32758283591667,0.8,0.9,0.7,0,0,0,Leticia,2025
10,Actividades financieras y de seguros,39.788129490833335,75.89946941483333,115.68759890566668,0.7,0.4,1.2,0,0,0,Leticia,2025
11,Información y comunicaciones,13.963168778250001,34.71774465791667,48.68091343616667,0.3,0.1,0.5,0,0,0,Leticia,2025
12,Actividades inmobiliarias,11.59051104,0.0,11.59051104,0.1,0.1,0.0,0,0,0,Leticia,2025
0,Comercio y reparación de vehículos,24513.233679569832,19103.32606592525,43616.55974549508,18.0,18.7,17.2,44,25,19,Manizales A.M.,2025
1,Industrias manufactureras,22912.11770232075,13591.62943108325,36503.747133404,15.1,17.5,12.3,37,23,14,Manizales A.M.,2025
2,"Administración pública y defensa, educación y atención de la salud humana",13160.5134441305,22875.9322030535,36036.445647184,14.9,10.0,20.6,36,13,23,Manizales A.M.,2025
3,"Actividades profesionales, científicas, técnicas y de servicios administrativos",12051.597621621167,17565.181211063333,29616.7788326845,12.2,9.2,15.9,30,12,18,Manizales A.M.,2025
4,"Actividades artísticas, entretenimiento, recreación y otras actividades de servicio",6691.87742366775,13997.825375488834,20689.702799156585,8.6,5.1,12.6,21,7,14,Manizales A.M.,2025
5,Alojamiento y servicios de comida,6870.54467677475,11870.606093678334,18741.150770453085,7.8,5.2,10.7,19,7,12,Manizales A.M.,2025
6,Transporte y almacenamiento,15372.1440373345,1635.7401346836666,17007.884172018166,7.0,11.7,1.5,17,15,2,Manizales A.M.,2025
7,Construcción,14606.609271852416,1462.6276868995,16069.236958751917,6.6,11.2,1.3,16,15,1,Manizales A.M.,2025
8,Información y comunicaciones,4419.3830079075,2182.0675718089165,6601.4505797164165,2.7,3.4,2.0,7,4,2,Manizales A.M.,2025
9,"Suministro de electricidad, gas, agua y gestión de desechos^",3822.4876049473332,1452.32935862175,5274.816963569083,2.2,2.9,1.3,5,4,1,Manizales A.M.,2025
10,Actividades financieras y de seguros,1716.3088099256668,3461.9573025388336,5178.2661124645,2.1,1.3,3.1,5,2,3,Manizales A.M.,2025
11,Actividades inmobiliarias,2355.006413520833,1126.0118263649167,3481.0182398857496,1.4,1.8,1.0,3,2,1,Manizales A.M.,2025
12,"Agricultura, ganadería, caza, silvicultura y pesca",2499.22818359525,459.3113045105,2958.53948810575,1.2,1.9,0.4,3,2,0,Manizales A.M.,2025
0,Comercio y reparación de vehículos,226328.01682314,181922.98506013333,408251.00188327336,18.8,19.3,18.4,408,226,182,Medellín A.M.,2025
1,Industrias manufactureras,206111.09142339585,171381.0576658325,377492.14908922836,17.4,17.5,17.3,377,206,171,Medellín A.M.,2025
2,"Administración pública y defensa, educación y atención de la salud humana",103647.75334256,168455.401839265,272103.155181825,12.6,8.8,17.0,272,104,168,Medellín A.M.,2025
3,"Actividades profesionales, científicas, técnicas y de servicios administrativos",100606.16724674334,127503.911144525,228110.07839126833,10.5,8.6,12.9,228,101,128,Medellín A.M.,2025
4,Transporte y almacenamiento,168125.8858245075,21721.4979965675,189847.38382107503,8.8,14.3,2.2,190,168,22,Medellín A.M.,2025
5,"Actividades artísticas, entretenimiento, recreación y otras actividades de servicio",58398.2533541525,124295.6071430475,182693.8604972,8.4,5.0,12.5,183,58,124,Medellín A.M.,2025
6,Alojamiento y servicios de comida,58789.4301953975,99565.02169724833,158354.45189264583,7.3,5.0,10.1,158,59,100,Medellín A.M.,2025
7,Construcción,133281.45812535583,12780.7808879325,146062.23901328832,6.7,11.3,1.3,146,133,13,Medellín A.M.,2025
8,Actividades financieras y de seguros,21172.534310455,35845.96154162583,57018.49585208083,2.6,1.8,3.6,57,21,36,Medellín A.M.,2025
9,Información y comunicaciones,37710.686607195,19156.153627905835,56866.84023510083,2.6,3.2,1.9,57,38,19,Medellín A.M.,2025
10,Actividades inmobiliarias,24475.142644341668,16166.337618259167,40641.48026260083,1.9,2.1,1.6,41,24,16,Medellín A.M.,2025
11,"Suministro de electricidad, gas, agua y gestión de desechos^",25909.74169881,9989.729189791668,35899.47088860167,1.7,2.2,1.0,36,26,10,Medellín A.M.,2025
12,"Agricultura, ganadería, caza, silvicultura y pesca",11075.066735170833,1716.7469917308333,12791.813726901666,0.6,0.9,0.2,13,11,2,Medellín A.M.,2025
0,"Administración pública y defensa, educación y atención de la salud humana",1001.8825065736,1092.8257762285334,2094.7082828021335,39.4,33.2,47.3,2,1,1,Mitú,2025
1,Comercio y reparación de vehículos,371.5673809114333,272.0555953106833,643.6229762221167,12.1,12.3,11.8,1,0,0,Mitú,2025
2,Transporte y almacenamiento,565.79312873175,46.65716398591667,612.4502927176667,11.5,18.8,2.0,1,1,0,Mitú,2025
3,"Actividades artísticas, entretenimiento, recreación y otras actividades de servicio",166.45842296925,361.5787765537,528.03719952295,9.9,5.5,15.7,1,0,0,Mitú,2025
4,Alojamiento y servicios de comida,170.30670844858332,348.26903634304165,518.575744791625,9.7,5.7,15.1,1,0,0,Mitú,2025
5,Construcción,400.89548794138335,8.260833472083334,409.1563214134667,7.7,13.3,0.4,0,0,0,Mitú,2025
6,Industrias manufactureras,90.5774684565,46.352710134375,136.93017859087502,2.6,3.0,2.0,0,0,0,Mitú,2025
7,"Actividades profesionales, científicas, técnicas y de servicios administrativos",72.61507061273333,52.843244767416664,125.45831538015,2.4,2.4,2.3,0,0,0,Mitú,2025
8,"Suministro de electricidad, gas, agua y gestión de desechos^",90.6890843185,21.191912421833333,111.88099674033333,2.1,3.0,0.9,0,0,0,Mitú,2025
9,"Agricultura, ganadería, caza, silvicultura y pesca",55.56570824866667,13.716775277916668,69.28248352658333,1.3,1.8,0.6,0,0,0,Mitú,2025
10,Actividades financieras y de seguros,19.48806159775,40.160273738341665,59.64833533609166,1.1,0.6,1.7,0,0,0,Mitú,2025
11,Información y comunicaciones,4.076398112750001,4.573343719241667,8.649741831991667,0.2,0.1,0.2,0,0,0,Mitú,2025
12,Actividades inmobiliarias,3.365113529583333,0.0,3.365113529583333,0.1,0.1,0.0,0,0,0,Mitú,2025
0,"Administración pública y defensa, educación y atención de la salud humana",2456.153453631917,3297.59283772675,5753.746291358667,33.5,25.8,43.2,6,2,3,Mocoa,2025
1,Construcción,3061.4669728163335,47.74130563158334,3109.2082784479167,18.1,32.1,0.6,3,3,0,Mocoa,2025
2,Comercio y reparación de vehículos,1060.7165496974167,1244.14790391575,2304.864453613167,13.4,11.1,16.3,2,1,1,Mocoa,2025
3,"Actividades profesionales, científicas, técnicas y de servicios administrativos",494.46917225575,1369.9456340915,1864.41480634725,10.9,5.2,17.9,2,0,1,Mocoa,2025
4,Alojamiento y servicios de comida,387.83046018408334,723.6296825259167,1111.4601427100001,6.5,4.1,9.5,1,0,1,Mocoa,2025
5,"Actividades artísticas, entretenimiento, recreación y otras actividades de servicio",359.8454400543333,500.36393834016667,860.2093783944999,5.0,3.8,6.6,1,0,1,Mocoa,2025
6,Transporte y almacenamiento,625.1548681501666,83.65729389,708.8121620401666,4.1,6.6,1.1,1,1,0,Mocoa,2025
7,Industrias manufactureras,267.0180474471667,144.4380038305,411.4560512776667,2.4,2.8,1.9,0,0,0,Mocoa,2025
8,Actividades financieras y de seguros,199.39915457908333,123.78337014525,323.18252472433335,1.9,2.1,1.6,0,0,0,Mocoa,2025
9,"Agricultura, ganadería, caza, silvicultura y pesca",275.5459016953333,19.170345328333333,294.71624702366665,1.7,2.9,0.3,0,0,0,Mocoa,2025
10,"Suministro de electricidad, gas, agua y gestión de desechos^",168.831391364,71.42824287466667,240.25963423866668,1.4,1.8,0.9,0,0,0,Mocoa,2025
11,Información y comunicaciones,130.55955704541665,0.0,130.55955704541665,0.8,1.4,0.0,0,0,0,Mocoa,2025
12,Actividades inmobiliarias,45.12682220233333,8.223970658666667,53.350792860999995,0.3,0.5,0.1,0,0,0,Mocoa,2025
0,Comercio y reparación de vehículos,24577.4263281355,15796.5832299175,40374.009558053,22.5,24.0,20.6,40,25,16,Montería,2025
1,"Administración pública y defensa, educación y atención de la salud humana",14693.708815126583,19400.8500834995,34094.558898626085,19.0,14.3,25.3,34,15,19,Montería,2025
2,"Actividades artísticas, entretenimiento, recreación y otras actividades de servicio",6612.647576558,15014.051748287666,21626.699324845664,12.1,6.5,19.6,22,7,15,Montería,2025
3,Transporte y almacenamiento,18371.904967894417,542.6646535328333,18914.56962142725,10.6,17.9,0.7,19,18,1,Montería,2025
4,Alojamiento y servicios de comida,5667.177172658917,10029.964504106334,15697.141676765252,8.8,5.5,13.1,16,6,10,Montería,2025
5,"Actividades profesionales, científicas, técnicas y de servicios administrativos",5749.087297133334,6785.661943202416,12534.74924033575,7.0,5.6,8.9,13,6,7,Montería,2025
6,Industrias manufactureras,7450.057241241167,4881.959523931083,12332.01676517225,6.9,7.3,6.4,12,7,5,Montería,2025
7,Construcción,10074.946236882084,699.7261462965,10774.672383178584,6.0,9.8,0.9,11,10,1,Montería,2025
8,Actividades financieras y de seguros,2535.7892880699164,1233.2362175894166,3769.0255056593332,2.1,2.5,1.6,4,3,1,Montería,2025
9,"Suministro de electricidad, gas, agua y gestión de desechos^",2542.2425103499168,867.3346194184167,3409.577129768333,1.9,2.5,1.1,3,3,1,Montería,2025
10,Información y comunicaciones,1371.2451968051666,812.349726488,2183.5949232931666,1.2,1.3,1.1,2,1,1,Montería,2025
11,"Agricultura, ganadería, caza, silvicultura y pesca",1918.6127928365834,106.79244136833333,2025.4052342049167,1.1,1.9,0.1,2,2,0,Montería,2025
12,Actividades inmobiliarias,954.48796881975,443.0481829253333,1397.5361517450833,0.8,0.9,0.6,1,1,0,Montería,2025
0,Comercio y reparación de vehículos,19040.2522255715,20111.497835675,39151.7500612465,24.2,23.0,25.5,39,19,20,Pasto,2025
1,"Administración pública y defensa, educación y atención de la salud humana",12285.386242034667,18101.40472492575,30386.790966960416,18.8,14.8,22.9,30,12,18,Pasto,2025
2,Transporte y almacenamiento,15476.856971356667,1266.45491161,16743.311882966667,10.4,18.7,1.6,17,15,1,Pasto,2025
3,"Actividades artísticas, entretenimiento, recreación y otras actividades de servicio",4935.871495933333,11027.845910159833,15963.717406093165,9.9,6.0,14.0,16,5,11,Pasto,2025
4,"Actividades profesionales, científicas, técnicas y de servicios administrativos",5694.364834758833,8906.9775818595,14601.342416618334,9.0,6.9,11.3,15,6,9,Pasto,2025
5,Alojamiento y servicios de comida,4093.4611094434167,9251.285482071416,13344.746591514833,8.3,4.9,11.7,13,4,9,Pasto,2025
6,Industrias manufactureras,7204.878431066333,4497.042737089417,11701.92116815575,7.2,8.7,5.7,12,7,4,Pasto,2025
7,Construcción,6613.924409601666,679.2812150068333,7293.205624608499,4.5,8.0,0.9,7,7,1,Pasto,2025
8,"Suministro de electricidad, gas, agua y gestión de desechos^",1867.9142281480833,1512.9492695640834,3380.8634977121665,2.1,2.3,1.9,3,2,2,Pasto,2025
9,Actividades financieras y de seguros,1419.0827974879167,1576.5551260815832,2995.6379235695,1.9,1.7,2.0,3,1,2,Pasto,2025
10,Información y comunicaciones,1631.706926027,570.2963116216666,2202.0032376486665,1.4,2.0,0.7,2,2,1,Pasto,2025
11,"Agricultura, ganadería, caza, silvicultura y pesca",1370.1531350996665,666.1852981900834,2036.33843328975,1.3,1.7,0.8,2,1,1,Pasto,2025
12,Actividades inmobiliarias,1184.8146230490834,723.7201156236666,1908.5347386727499,1.2,1.4,0.9,2,1,1,Pasto,2025
0,Comercio y reparación de vehículos,38381.45676848475,29853.982284587833,68235.43905307258,21.6,22.1,21.1,68,38,30,Pereira A.M.,2025
1,Industrias manufactureras,25252.83693228067,18626.85731392325,43879.694246203915,13.9,14.5,13.1,44,25,19,Pereira A.M.,2025
2,"Administración pública y defensa, educación y atención de la salud humana",15892.659862249833,26046.865189907334,41939.525052157165,13.3,9.1,18.4,42,16,26,Pereira A.M.,2025
3,"Actividades profesionales, científicas, técnicas y de servicios administrativos",12482.648344080917,18394.324830435668,30876.973174516585,9.8,7.2,13.0,31,12,18,Pereira A.M.,2025
4,"Actividades artísticas, entretenimiento, recreación y otras actividades de servicio",9198.977039380834,19581.54488353,28780.521922910833,9.1,5.3,13.8,29,9,20,Pereira A.M.,2025
5,Construcción,25324.930155556667,2292.8371644878334,27617.7673200445,8.8,14.6,1.6,28,25,2,Pereira A.M.,2025
6,Alojamiento y servicios de comida,9880.8596721295,16387.684933104,26268.5446052335,8.3,5.7,11.6,26,10,16,Pereira A.M.,2025
7,Transporte y almacenamiento,19079.0213299465,2160.7086799291665,21239.730009875668,6.7,11.0,1.5,21,19,2,Pereira A.M.,2025
8,Actividades inmobiliarias,4430.2925237878335,1836.5224778058334,6266.815001593667,2.0,2.6,1.3,6,4,2,Pereira A.M.,2025
9,Actividades financieras y de seguros,2158.0450917524167,3477.9731102235,5636.018201975917,1.8,1.2,2.5,6,2,3,Pereira A.M.,2025
10,Información y comunicaciones,3842.89703444775,1456.1528320505,5299.04986649825,1.7,2.2,1.0,5,4,1,Pereira A.M.,2025
11,"Agricultura, ganadería, caza, silvicultura y pesca",4371.97591326325,773.1588649383333,5145.134778201583,1.6,2.5,0.5,5,4,1,Pereira A.M.,2025
12,"Suministro de electricidad, gas, agua y gestión de desechos^",3413.1808367080835,923.1808295175,4336.361666225584,1.4,2.0,0.7,4,3,1,Pereira A.M.,2025
0,Comercio y reparación de vehículos,13719.9791243935,12898.30303970625,26618.28216409975,21.6,20.7,22.6,27,14,13,Popayán,2025
1,"Administración pública y defensa, educación y atención de la salud humana",11405.565056550833,14744.1926246435,26149.757681194333,21.2,17.2,25.9,26,11,15,Popayán,2025
2,Alojamiento y servicios de comida,3620.899862614917,8354.0098710305,11974.909733645416,9.7,5.5,14.7,12,4,8,Popayán,2025
3,Transporte y almacenamiento,10841.259725915917,518.0043749771667,11359.264100893084,9.2,16.4,0.9,11,11,1,Popayán,2025
4,"Actividades artísticas, entretenimiento, recreación y otras actividades de servicio",3815.97311327825,7473.030773196417,11289.003886474668,9.2,5.8,13.1,11,4,7,Popayán,2025
5,"Actividades profesionales, científicas, técnicas y de servicios administrativos",3758.423813796,6282.143903230916,10040.567717026915,8.2,5.7,11.0,10,4,6,Popayán,2025
6,Construcción,7537.15580668775,599.2732682609167,8136.429074948666,6.6,11.4,1.1,8,8,1,Popayán,2025
7,Industrias manufactureras,4554.282652045584,3036.2511483940834,7590.533800439667,6.2,6.9,5.3,8,5,3,Popayán,2025
8,Información y comunicaciones,1829.2506370295,621.7947332885,2451.045370318,2.0,2.8,1.1,2,2,1,Popayán,2025
9,Actividades financieras y de seguros,1183.86671880575,1139.5815664174168,2323.4482852231667,1.9,1.8,2.0,2,1,1,Popayán,2025
10,"Agricultura, ganadería, caza, silvicultura y pesca",1873.2206965470834,379.00108780016666,2252.22178434725,1.8,2.8,0.7,2,2,0,Popayán,2025
11,"Suministro de electricidad, gas, agua y gestión de desechos^",1070.118551948,542.1883742840834,1612.3069262320832,1.3,1.6,1.0,2,1,1,Popayán,2025
12,Actividades inmobiliarias,936.2580606198334,378.4883572563333,1314.7464178761666,1.1,1.4,0.7,1,1,0,Popayán,2025
0,"Administración pública y defensa, educación y atención de la salud humana",1268.1644883613333,1186.6806640890834,2454.8451524504167,31.8,29.2,35.2,2,1,1,Puerto Carreño,2025
1,Comercio y reparación de vehículos,646.3855094175,651.71092731875,1298.0964367362499,16.8,14.9,19.3,1,1,1,Puerto Carreño,2025
2,Alojamiento y servicios de comida,242.34589761516668,534.7266599054167,777.0725575205834,10.1,5.6,15.9,1,0,1,Puerto Carreño,2025
3,Construcción,629.5986734993334,28.393023426,657.9916969253334,8.5,14.5,0.8,1,1,0,Puerto Carreño,2025
4,Transporte y almacenamiento,564.6555003884166,86.23306676708333,650.8885671554999,8.4,13.0,2.6,1,1,0,Puerto Carreño,2025
5,"Actividades artísticas, entretenimiento, recreación y otras actividades de servicio",144.38637415016666,386.46351356658334,530.84988771675,6.9,3.3,11.5,1,0,0,Puerto Carreño,2025
6,Industrias manufactureras,288.10948927408333,127.78255340908333,415.89204268316666,5.4,6.6,3.8,0,0,0,Puerto Carreño,2025
7,"Actividades profesionales, científicas, técnicas y de servicios administrativos",160.35102907083333,210.75947061366668,371.11049968450004,4.8,3.7,6.3,0,0,0,Puerto Carreño,2025
8,"Agricultura, ganadería, caza, silvicultura y pesca",284.5538934105,40.76547662358333,325.3193700340833,4.2,6.5,1.2,0,0,0,Puerto Carreño,2025
9,"Suministro de electricidad, gas, agua y gestión de desechos^",89.82393802816667,37.28577048033333,127.1097085085,1.6,2.1,1.1,0,0,0,Puerto Carreño,2025
10,Actividades financieras y de seguros,15.525173331416667,75.28162365933333,90.80679699075,1.2,0.4,2.2,0,0,0,Puerto Carreño,2025
11,Información y comunicaciones,12.014045926166666,0.0,12.014045926166666,0.2,0.3,0.0,0,0,0,Puerto Carreño,2025
12,Actividades inmobiliarias,0.0,3.22289811175,3.22289811175,0.0,0.0,0.1,0,0,0,Puerto Carreño,2025
0,"Administración pública y defensa, educación y atención de la salud humana",3059.0134935926667,5092.3826239745,8151.396117567167,24.2,17.4,31.6,8,3,5,Quibdó,2025
1,Comercio y reparación de vehículos,3257.783289576333,3106.158683021,6363.941972597333,18.9,18.5,19.3,6,3,3,Quibdó,2025
2,"Actividades artísticas, entretenimiento, recreación y otras actividades de servicio",1128.5738117043334,3605.972735489,4734.546547193333,14.0,6.4,22.4,5,1,4,Quibdó,2025
3,Transporte y almacenamiento,3194.4217724258333,140.76705579183334,3335.1888282176665,9.9,18.1,0.9,3,3,0,Quibdó,2025
4,Construcción,2783.0657112694166,74.23593619941667,2857.3016474688334,8.5,15.8,0.5,3,3,0,Quibdó,2025
5,Alojamiento y servicios de comida,443.20041419775,1861.8705957023333,2305.0710099000835,6.8,2.5,11.6,2,0,2,Quibdó,2025
6,"Suministro de electricidad, gas, agua y gestión de desechos^",1598.01511026675,585.3433948809167,2183.3585051476666,6.5,9.1,3.6,2,2,1,Quibdó,2025
7,"Actividades profesionales, científicas, técnicas y de servicios administrativos",719.9978897726667,675.7139852386666,1395.7118750113332,4.1,4.1,4.2,1,1,1,Quibdó,2025
8,Industrias manufactureras,831.7672529431667,508.1308113445,1339.8980642876668,4.0,4.7,3.2,1,1,1,Quibdó,2025
9,Actividades financieras y de seguros,98.27321500216667,291.44785727991666,389.72107228208336,1.2,0.6,1.8,0,0,0,Quibdó,2025
10,"Agricultura, ganadería, caza, silvicultura y pesca",275.49454605541666,82.12330811833333,357.61785417375,1.1,1.6,0.5,0,0,0,Quibdó,2025
11,Información y comunicaciones,202.58054776325,74.76658460016667,277.3471323634167,0.8,1.2,0.5,0,0,0,Quibdó,2025
12,Actividades inmobiliarias,12.762281359583334,15.489731422833334,28.252012782416667,0.1,0.1,0.1,0,0,0,Quibdó,2025
0,"Administración pública y defensa, educación y atención de la salud humana",4486.91246445275,6972.755755801667,11459.668220254418,18.8,13.1,26.2,11,4,7,Riohacha,2025
1,Comercio y reparación de vehículos,6141.108726880583,4261.4913908265835,10402.600117707167,17.1,17.9,16.0,10,6,4,Riohacha,2025
2,Transporte y almacenamiento,7855.32620284175,349.5845007005833,8204.910703542333,13.5,22.9,1.3,8,8,0,Riohacha,2025
3,"Actividades artísticas, entretenimiento, recreación y otras actividades de servicio",2025.2500795330834,5336.606245933417,7361.8563254665005,12.1,5.9,20.1,7,2,5,Riohacha,2025
4,Alojamiento y servicios de comida,1709.40273449675,3572.6162204153334,5282.018954912083,8.7,5.0,13.4,5,2,4,Riohacha,2025
5,Industrias manufactureras,2015.6023205801666,2937.7039564225834,4953.30627700275,8.1,5.9,11.1,5,2,3,Riohacha,2025
6,Construcción,4695.102947130166,197.44314143441667,4892.5460885645825,8.0,13.7,0.7,5,5,0,Riohacha,2025
7,"Actividades profesionales, científicas, técnicas y de servicios administrativos",1787.2444582985834,1763.4961284125834,3550.7405867111665,5.8,5.2,6.6,4,2,2,Riohacha,2025
8,"Suministro de electricidad, gas, agua y gestión de desechos^",1962.2247681584167,334.82823521291664,2297.0530033713335,3.8,5.7,1.3,2,2,0,Riohacha,2025
9,Actividades financieras y de seguros,445.5462314215,523.5610718126667,969.1073032341667,1.6,1.3,2.0,1,0,1,Riohacha,2025
10,"Agricultura, ganadería, caza, silvicultura y pesca",699.5180559895,30.772986291083335,730.2910422805834,1.2,2.0,0.1,1,1,0,Riohacha,2025
11,Información y comunicaciones,339.56019242825,251.79380365916666,591.3539960874166,1.0,1.0,0.9,1,0,0,Riohacha,2025
12,Actividades inmobiliarias,79.78968877425,31.86920643525,111.6588952095,0.2,0.2,0.1,0,0,0,Riohacha,2025
0,Alojamiento y servicios de comida,2059.584236471667,3092.3050954885834,5151.88933196025,24.6,18.6,31.2,5,2,3,San Andrés,2025
1,Comercio y reparación de vehículos,2235.3755271719165,2123.23836275275,4358.613889924667,20.8,20.2,21.4,4,2,2,San Andrés,2025
2,"Administración pública y defensa, educación y atención de la salud humana",1322.578344603,2266.1050445721667,3588.6833891751667,17.1,11.9,22.9,4,1,2,San Andrés,2025
3,Transporte y almacenamiento,1595.0095093185,163.7053868605,1758.714896179,8.4,14.4,1.7,2,2,0,San Andrés,2025
4,"Actividades artísticas, entretenimiento, recreación y otras actividades de servicio",612.7774163656667,980.7627129456666,1593.5401293113332,7.6,5.5,9.9,2,1,1,San Andrés,2025
5,"Actividades profesionales, científicas, técnicas y de servicios administrativos",938.73864885825,476.1055260899167,1414.8441749481667,6.7,8.5,4.8,1,1,0,San Andrés,2025
6,Construcción,996.1148456090833,40.70302014116667,1036.81786575025,4.9,9.0,0.4,1,1,0,San Andrés,2025
7,Industrias manufactureras,556.0214498050833,239.73887798125,795.7603277863333,3.8,5.0,2.4,1,1,0,San Andrés,2025
8,"Suministro de electricidad, gas, agua y gestión de desechos^",330.14184836283334,120.79989607333333,450.9417444361667,2.1,3.0,1.2,0,0,0,San Andrés,2025
9,Actividades financieras y de seguros,49.297106160249996,242.85273130958333,292.1498374698333,1.4,0.4,2.4,0,0,0,San Andrés,2025
10,Información y comunicaciones,206.44092844083335,76.579389248,283.02031768883336,1.3,1.9,0.8,0,0,0,San Andrés,2025
11,Actividades inmobiliarias,49.880694573,89.6566662715,139.5373608445,0.7,0.5,0.9,0,0,0,San Andrés,2025
12,"Agricultura, ganadería, caza, silvicultura y pesca",118.33821715391667,0.0,118.33821715391667,0.6,1.1,0.0,0,0,0,San Andrés,2025
0,"Administración pública y defensa, educación y atención de la salud humana",2490.16452992525,2767.5680679439165,5257.732597869166,22.1,19.7,24.8,5,2,3,San José del Guaviare,2025
1,Comercio y reparación de vehículos,2515.5336969555833,2474.430287358083,4989.9639843136665,21.0,19.9,22.2,5,3,2,San José del Guaviare,2025
2,Alojamiento y servicios de comida,706.8623816763334,2011.58850162125,2718.4508832975835,11.4,5.6,18.0,3,1,2,San José del Guaviare,2025
3,"Actividades artísticas, entretenimiento, recreación y otras actividades de servicio",697.1262392003333,1673.90687258525,2371.0331117855835,10.0,5.5,15.0,2,1,2,San José del Guaviare,2025
4,Construcción,2079.5285696543333,112.72745831408334,2192.2560279684167,9.2,16.5,1.0,2,2,0,San José del Guaviare,2025
5,Transporte y almacenamiento,1414.7527751163334,110.97049441566666,1525.7232695320001,6.4,11.2,1.0,2,1,0,San José del Guaviare,2025
6,Industrias manufactureras,715.5361458670833,592.73878498775,1308.2749308548332,5.5,5.7,5.3,1,1,1,San José del Guaviare,2025
7,"Agricultura, ganadería, caza, silvicultura y pesca",991.31103975525,285.5871138398333,1276.8981535950834,5.4,7.8,2.6,1,1,0,San José del Guaviare,2025
8,"Actividades profesionales, científicas, técnicas y de servicios administrativos",493.948306114,730.3284469114167,1224.2767530254166,5.1,3.9,6.5,1,0,1,San José del Guaviare,2025
9,"Suministro de electricidad, gas, agua y gestión de desechos^",334.58070463825,242.40959877150001,576.99030340975,2.4,2.6,2.2,1,0,0,San José del Guaviare,2025
10,Información y comunicaciones,147.37414520425,48.57034177391667,195.94448697816665,0.8,1.2,0.4,0,0,0,San José del Guaviare,2025
11,Actividades financieras y de seguros,19.614225223000002,119.76217942699999,139.37640464999998,0.6,0.2,1.1,0,0,0,San José del Guaviare,2025
12,Actividades inmobiliarias,24.0900047275,0.0,24.0900047275,0.1,0.2,0.0,0,0,0,San José del Guaviare,2025
0,Comercio y reparación de vehículos,24498.146208455666,17088.720825089833,41586.867033545495,19.7,19.5,20.0,42,24,17,Santa Marta,2025
1,"Administración pública y defensa, educación y atención de la salud humana",12078.331822689834,18363.159268647167,30441.491091337,14.4,9.6,21.5,30,12,18,Santa Marta,2025
2,Transporte y almacenamiento,24636.3685395395,1691.9019955275,26328.270535067,12.5,19.6,2.0,26,25,2,Santa Marta,2025
3,Alojamiento y servicios de comida,10286.166821754916,14351.376833288334,24637.54365504325,11.7,8.2,16.8,25,10,14,Santa Marta,2025
4,"Actividades profesionales, científicas, técnicas y de servicios administrativos",8994.884489987084,11174.526058805333,20169.410548792417,9.6,7.2,13.1,20,9,11,Santa Marta,2025
5,"Actividades artísticas, entretenimiento, recreación y otras actividades de servicio",6999.35808438175,13005.3963062145,20004.75439059625,9.5,5.6,15.2,20,7,13,Santa Marta,2025
6,Construcción,18486.864689214668,932.9309081475,19419.79559736217,9.2,14.7,1.1,19,18,1,Santa Marta,2025
7,Industrias manufactureras,7852.9604022875,4087.70468928575,11940.66509157325,5.7,6.3,4.8,12,8,4,Santa Marta,2025
8,"Suministro de electricidad, gas, agua y gestión de desechos^",3623.9997345233332,828.1900733664166,4452.18980788975,2.1,2.9,1.0,4,4,1,Santa Marta,2025
9,Actividades inmobiliarias,2430.9801622608334,1117.0287618225,3548.008924083333,1.7,1.9,1.3,4,2,1,Santa Marta,2025
10,Actividades financieras y de seguros,1542.3493808575,1717.62525078275,3259.9746316402498,1.5,1.2,2.0,3,2,2,Santa Marta,2025
11,"Agricultura, ganadería, caza, silvicultura y pesca",2561.8067203954165,439.0351355185,3000.8418559139163,1.4,2.0,0.5,3,3,0,Santa Marta,2025
12,Información y comunicaciones,1594.2091605008334,721.8578969958334,2316.0670574966666,1.1,1.3,0.8,2,2,1,Santa Marta,2025
0,Comercio y reparación de vehículos,15495.2840512735,10931.018027049668,26426.30207832317,22.9,23.4,22.3,26,15,11,Sincelejo,2025
1,"Administración pública y defensa, educación y atención de la salud humana",7606.589205529916,11644.369464017667,19250.958669547585,16.7,11.5,23.7,19,8,12,Sincelejo,2025
2,Transporte y almacenamiento,15249.034676361833,342.9452936541667,15591.979970016,13.5,23.0,0.7,16,15,0,Sincelejo,2025
3,"Actividades artísticas, entretenimiento, recreación y otras actividades de servicio",3765.9366202056667,9660.24108610125,13426.177706306917,11.7,5.7,19.7,13,4,10,Sincelejo,2025
4,Alojamiento y servicios de comida,3505.50741559325,7138.0874362765,10643.59485186975,9.2,5.3,14.5,11,4,7,Sincelejo,2025
5,Industrias manufactureras,4895.818853514416,3421.0253677865835,8316.844221301,7.2,7.4,7.0,8,5,3,Sincelejo,2025
6,Construcción,7752.410330159333,295.8659427928333,8048.276272952166,7.0,11.7,0.6,8,8,0,Sincelejo,2025
7,"Actividades profesionales, científicas, técnicas y de servicios administrativos",2656.9670084865,3933.3509044165,6590.3179129029995,5.7,4.0,8.0,7,3,4,Sincelejo,2025
8,Actividades financieras y de seguros,1184.456743727,880.6424319725834,2065.0991756995836,1.8,1.8,1.8,2,1,1,Sincelejo,2025
9,"Suministro de electricidad, gas, agua y gestión de desechos^",1531.5718187754999,245.54702985483334,1777.118848630333,1.5,2.3,0.5,2,2,0,Sincelejo,2025
10,"Agricultura, ganadería, caza, silvicultura y pesca",1357.19927672175,126.42996455841667,1483.6292412801668,1.3,2.1,0.3,1,1,0,Sincelejo,2025
11,Información y comunicaciones,726.41295968325,296.53270729375,1022.945666977,0.9,1.1,0.6,1,1,0,Sincelejo,2025
12,Actividades inmobiliarias,448.11774539183335,151.46770479041666,599.58545018225,0.5,0.7,0.3,1,0,0,Sincelejo,2025
0,Comercio y reparación de vehículos,2225319.202675163,1879083.9058718272,4104403.10854699,17.2,16.0,19.0,4104,2225,1879,Todas (Panorama Nacional),2025
1,"Agricultura, ganadería, caza, silvicultura y pesca",2809210.444400999,576892.6947763365,3386103.139177336,14.2,20.2,5.8,3386,2809,577,Todas (Panorama Nacional),2025
2,"Administración pública y defensa, educación y atención de la salud humana",1067090.6227898824,1816408.0241759801,2883498.6469658623,12.1,7.7,18.4,2883,1067,1816,Todas (Panorama Nacional),2025
3,Industrias manufactureras,1516339.537459543,1092984.5063908973,2609324.0438504405,11.0,10.9,11.0,2609,1516,1093,Todas (Panorama Nacional),2025
4,"Actividades artísticas, entretenimiento, recreación y otras actividades de servicio",637512.392378439,1354007.9431892408,1991520.3355676797,8.4,4.6,13.7,1992,638,1354,Todas (Panorama Nacional),2025
5,Alojamiento y servicios de comida,590818.6890710774,1243598.2713662216,1834416.960437299,7.7,4.2,12.6,1834,591,1244,Todas (Panorama Nacional),2025
6,Transporte y almacenamiento,1635540.7576265219,184202.9183439015,1819743.6759704233,7.6,11.7,1.9,1820,1636,184,Todas (Panorama Nacional),2025
7,"Actividades profesionales, científicas, técnicas y de servicios administrativos",794618.6529594363,1017227.3554076768,1811846.008367113,7.6,5.7,10.3,1812,795,1017,Todas (Panorama Nacional),2025
8,Construcción,1494352.8991145417,110254.02750067017,1604606.9266152119,6.7,10.7,1.1,1605,1494,110,Todas (Panorama Nacional),2025
9,"Suministro de electricidad, gas, agua y gestión de desechos^",496129.7693761388,120605.91359640291,616735.6829725418,2.6,3.6,1.2,617,496,121,Todas (Panorama Nacional),2025
10,Actividades financieras y de seguros,189186.73450854616,247026.00634646558,436212.74085501174,1.8,1.4,2.5,436,189,247,Todas (Panorama Nacional),2025
11,Información y comunicaciones,264549.66755801835,141648.97722170164,406198.64477972,1.7,1.9,1.4,406,265,142,Todas (Panorama Nacional),2025
12,Actividades inmobiliarias,212953.65161325943,109006.16323825442,321959.81485151383,1.4,1.5,1.1,322,213,109,Todas (Panorama Nacional),2025
0,"Administración pública y defensa, educación y atención de la salud humana",8045.070490037833,13106.552278563,21151.622768600835,26.7,19.6,34.2,21,8,13,Tunja,2025
1,Comercio y reparación de vehículos,8901.665594000084,7991.9338120893335,16893.599406089415,21.3,21.7,20.9,17,9,8,Tunja,2025
2,"Actividades profesionales, científicas, técnicas y de servicios administrativos",2721.3663955415,4410.056885847834,7131.423281389334,9.0,6.6,11.5,7,3,4,Tunja,2025
3,Construcción,5449.5557262326665,721.3802238963333,6170.935950129,7.8,13.3,1.9,6,5,1,Tunja,2025
4,Alojamiento y servicios de comida,1973.01486614275,3884.2983748255833,5857.313240968333,7.4,4.8,10.1,6,2,4,Tunja,2025
5,Transporte y almacenamiento,4929.346217845833,395.052898875,5324.399116720833,6.7,12.0,1.0,5,5,0,Tunja,2025
6,"Actividades artísticas, entretenimiento, recreación y otras actividades de servicio",1706.25037405425,3350.865308107583,5057.115682161833,6.4,4.2,8.8,5,2,3,Tunja,2025
7,Industrias manufactureras,2703.8922769743335,1436.16931224375,4140.061589218083,5.2,6.6,3.8,4,3,1,Tunja,2025
8,Actividades financieras y de seguros,765.7505271726667,1162.0620444995834,1927.8125716722502,2.4,1.9,3.0,2,1,1,Tunja,2025
9,Información y comunicaciones,1121.8236233373334,504.0172885736667,1625.8409119110001,2.0,2.7,1.3,2,1,1,Tunja,2025
10,"Suministro de electricidad, gas, agua y gestión de desechos^",1003.488048668,559.4978922219167,1562.9859408899167,2.0,2.4,1.5,2,1,1,Tunja,2025
11,Actividades inmobiliarias,761.1852240700833,503.67650213116667,1264.86172620125,1.6,1.9,1.3,1,1,1,Tunja,2025
12,"Agricultura, ganadería, caza, silvicultura y pesca",939.5298980275834,265.05190115408334,1204.5817991816666,1.5,2.3,0.7,1,1,0,Tunja,2025
0,Comercio y reparación de vehículos,29222.576118651417,18478.298482865168,47700.87460151658,23.9,25.2,22.2,48,29,18,Valledupar,2025
1,"Administración pública y defensa, educación y atención de la salud humana",13383.695398655416,20227.969469010084,33611.6648676655,16.9,11.5,24.3,34,13,20,Valledupar,2025
2,"Actividades artísticas, entretenimiento, recreación y otras actividades de servicio",7970.977227685,16956.18788951025,24927.165117195247,12.5,6.9,20.4,25,8,17,Valledupar,2025
3,Transporte y almacenamiento,18546.078203597084,777.671643101,19323.749846698083,9.7,16.0,0.9,19,19,1,Valledupar,2025
4,Construcción,15936.211213502416,635.6658399116667,16571.877053414082,8.3,13.7,0.8,17,16,1,Valledupar,2025
5,Alojamiento y servicios de comida,5094.297114718916,10686.478964574333,15780.77607929325,7.9,4.4,12.9,16,5,11,Valledupar,2025
6,Industrias manufactureras,9521.49898642525,5169.550319772334,14691.049306197583,7.4,8.2,6.2,15,10,5,Valledupar,2025
7,"Actividades profesionales, científicas, técnicas y de servicios administrativos",6256.3453055975,6856.856860806583,13113.202166404084,6.6,5.4,8.2,13,6,7,Valledupar,2025
8,"Suministro de electricidad, gas, agua y gestión de desechos^",3124.1714158325,686.7769436625,3810.9483594949997,1.9,2.7,0.8,4,3,1,Valledupar,2025
9,Actividades financieras y de seguros,2188.8050051595,1543.8112987241666,3732.6163038836667,1.9,1.9,1.9,4,2,2,Valledupar,2025
10,Información y comunicaciones,1789.3919492241666,771.4168755356667,2560.8088247598334,1.3,1.5,0.9,3,2,1,Valledupar,2025
11,"Agricultura, ganadería, caza, silvicultura y pesca",1775.95895365325,179.53898811416667,1955.4979417674167,1.0,1.5,0.2,2,2,0,Valledupar,2025
12,Actividades inmobiliarias,1236.1341373725,172.77195419,1408.9060915625,0.7,1.1,0.2,1,1,0,Valledupar,2025
0,Comercio y reparación de vehículos,35040.01329016225,28688.504992174,63728.51828233625,25.2,25.0,25.3,64,35,29,Villavicencio,2025
1,"Administración pública y defensa, educación y atención de la salud humana",14375.52716953,21414.50537872575,35790.03254825575,14.1,10.3,18.9,36,14,21,Villavicencio,2025
2,Alojamiento y servicios de comida,8533.1785052725,18542.57059526175,27075.749100534253,10.7,6.1,16.4,27,9,19,Villavicencio,2025
3,Construcción,21545.04441345333,1631.4149827733333,23176.459396226666,9.1,15.4,1.4,23,22,2,Villavicencio,2025
4,"Actividades artísticas, entretenimiento, recreación y otras actividades de servicio",7231.746520726083,15939.825614486666,23171.57213521275,9.1,5.2,14.1,23,7,16,Villavicencio,2025
5,Transporte y almacenamiento,17786.335503833332,2231.1609796216667,20017.496483454997,7.9,12.7,2.0,20,18,2,Villavicencio,2025
6,"Actividades profesionales, científicas, técnicas y de servicios administrativos",7309.8707538025,12221.2068619275,19531.07761573,7.7,5.2,10.8,20,7,12,Villavicencio,2025
7,Industrias manufactureras,12720.469737724166,6221.701019402,18942.170757126165,7.5,9.1,5.5,19,13,6,Villavicencio,2025
8,"Suministro de electricidad, gas, agua y gestión de desechos^",4635.487035010417,1521.32023057525,6156.807265585667,2.4,3.3,1.3,6,5,2,Villavicencio,2025
9,Actividades inmobiliarias,3489.8742890941667,1227.55488982,4717.429178914166,1.9,2.5,1.1,5,3,1,Villavicencio,2025
10,Información y comunicaciones,2765.9852252441665,1109.4538428363333,3875.4390680805,1.5,2.0,1.0,4,3,1,Villavicencio,2025
11,"Agricultura, ganadería, caza, silvicultura y pesca",2990.87138807,763.0068508158333,3753.8782388858335,1.5,2.1,0.7,4,3,1,Villavicencio,2025
12,Actividades financieras y de seguros,1585.9426079258333,1780.8952960091667,3366.837903935,1.3,1.1,1.6,3,2,2,Villavicencio,2025
0,Comercio y reparación de vehículos,9838.951122554166,7966.631156755,17805.582279309165,21.8,22.3,21.3,18,10,8,Yopal,2025
1,"Administración pública y defensa, educación y atención de la salud humana",5105.0043167808335,9083.3638080625,14188.368124843335,17.4,11.6,24.3,14,5,9,Yopal,2025
2,Alojamiento y servicios de comida,2455.283407235,5880.239262828333,8335.522670063334,10.2,5.6,15.7,8,2,6,Yopal,2025
3,"Actividades profesionales, científicas, técnicas y de servicios administrativos",2934.5081957575,4542.013889555,7476.522085312499,9.2,6.6,12.1,7,3,5,Yopal,2025
4,Construcción,6795.553752195833,463.8103412058333,7259.364093401667,8.9,15.4,1.2,7,7,0,Yopal,2025
5,Industrias manufactureras,4101.304303193333,2203.2586053875,6304.562908580833,7.7,9.3,5.9,6,4,2,Yopal,2025
6,Transporte y almacenamiento,5085.1450166791665,855.543015815,5940.688032494167,7.3,11.5,2.3,6,5,1,Yopal,2025
7,"Actividades artísticas, entretenimiento, recreación y otras actividades de servicio",2026.8084542741667,3872.7303528141665,5899.538807088333,7.2,4.6,10.3,6,2,4,Yopal,2025
8,"Agricultura, ganadería, caza, silvicultura y pesca",2431.2202293833334,286.0169460625,2717.2371754458336,3.3,5.5,0.8,3,2,0,Yopal,2025
9,"Suministro de electricidad, gas, agua y gestión de desechos^",1860.6122581658333,663.3758062358334,2523.9880644016666,3.1,4.2,1.8,3,2,1,Yopal,2025
10,Actividades financieras y de seguros,476.68231088,868.8348567658334,1345.5171676458333,1.6,1.1,2.3,1,0,1,Yopal,2025
11,Actividades inmobiliarias,460.98891573416665,438.6387827391667,899.6276984733333,1.1,1.0,1.2,1,0,0,Yopal,2025
12,Información y comunicaciones,575.379596265,297.7610548425,873.1406511075,1.1,1.3,0.8,1,1,0,Yopal,2025
